index,count,tx_0,action_types,swap_pools,token_path,action_groups,flash_pair
74,15,0x72c299198e376770f36b2d94fe855dde25fcb0a4955ecd69c210146b6c7a4ec8,"UniswapSwap:token_out
CurveSwap:token_in
CurveSwap:token_out
LLAMMA:token_in
LLAMMA:token_out
UniswapSwap:token_in","UniswapV3Pool-WBTC-USDC:fee_500
CurveStableSwap-crvUSD-USDC
CurveStableSwap-crvUSD-USDC
LLAMMA-WBTC-crvUSD
LLAMMA-WBTC-crvUSD
UniswapV3Pool-WBTC-USDC:fee_500","usdc
usdc
crvusd
crvusd
wbtc
wbtc","flash_borrow:UniswapV3Pool-WBTC-USDC:fee_500:0
CurveSwap:1
CurveSwap:1
LLAMMA:1
LLAMMA:1
flash_repay:UniswapV3Pool-WBTC-USDC:fee_500:0","0




0","UniswapSwap:token_out
CurveSwap:token_in
CurveSwap:token_out
LLAMMA:token_in
LLAMMA:token_out
UniswapSwap:token_in
usdc
usdc
crvusd
crvusd
wbtc
wbtc"
1,13,0xa2d6650046e5a92269c8e5ceb5e5c01b8771507e142f41dfc62e5d2ccb769dbe,"BalancerVault:token_out
CurveSwap:token_in
CurveSwap:token_out
CurveSwap:token_in
CurveSwap:token_out
LLAMMA:token_in
LLAMMA:token_out
BalancerVault:token_in","BalancerVault
CurveTriCryptoNG-WBTC-ETH-USDT
CurveTriCryptoNG-WBTC-ETH-USDT
CurveStableSwap-crvUSD-USDT
CurveStableSwap-crvUSD-USDT
LLAMMA-WBTC-crvUSD
LLAMMA-WBTC-crvUSD
BalancerVault","wbtc
wbtc
usdt
usdt
crvusd
crvusd
wbtc
wbtc","flash_borrow:BalancerVault:0
CurveSwap:1
CurveSwap:1
CurveSwap:2
CurveSwap:2
LLAMMA:1
LLAMMA:1
flash_repay:BalancerVault:0","0






0","BalancerVault:token_out
CurveSwap:token_in
CurveSwap:token_out
CurveSwap:token_in
CurveSwap:token_out
LLAMMA:token_in
LLAMMA:token_out
BalancerVault:token_in
wbtc
wbtc
usdt
usdt
crvusd
crvusd
wbtc
wbtc"
51,13,0x7374a8b3b96ebb2dba5bd27a10ffbc008e5ecc8dd6fef22fe25313f1acdf54e7,"LLAMMA:token_in
LLAMMA:token_out
CurveSwap:token_in
CurveSwap:token_out","LLAMMA-WBTC-crvUSD
LLAMMA-WBTC-crvUSD
CurveStableSwap-crvUSD-USDC
CurveStableSwap-crvUSD-USDC","wbtc
crvusd
crvusd
usdc","LLAMMA:1
LLAMMA:1
CurveSwap:1
CurveSwap:1","


","LLAMMA:token_in
LLAMMA:token_out
CurveSwap:token_in
CurveSwap:token_out
wbtc
crvusd
crvusd
usdc"
111,11,0xfc8a865804a8287a9027cf70a8d251d56aa1eff8e66f1e1463c43d1ce42f65aa,"WETH_deposit:eth_in
WETH_deposit:weth_out
UniswapSwap:token_out
UniswapSwap:token_in
LLAMMA:token_in
LLAMMA:token_out
CurveSwap:token_in
CurveSwap:token_out","

UniswapV3Pool-WBTC-WETH:fee_3000
UniswapV3Pool-WBTC-WETH:fee_3000
LLAMMA-WBTC-crvUSD
LLAMMA-WBTC-crvUSD
CurveStableSwap-crvUSD-USDT
CurveStableSwap-crvUSD-USDT","eth
weth
wbtc
weth
wbtc
crvusd
crvusd
usdt","WETH_deposit:1
WETH_deposit:1
UniswapSwap:1
UniswapSwap:1
LLAMMA:1
LLAMMA:1
CurveSwap:1
CurveSwap:1","






","WETH_deposit:eth_in
WETH_deposit:weth_out
UniswapSwap:token_out
UniswapSwap:token_in
LLAMMA:token_in
LLAMMA:token_out
CurveSwap:token_in
CurveSwap:token_out
eth
weth
wbtc
weth
wbtc
crvusd
crvusd
usdt"
79,9,0x221e88eab3792076807631e8ba3c66054b9a88da7bbf28f45c72ae707337c6e6,"UniswapSwap:token_out
CurveSwap:token_in
CurveSwap:token_out
LLAMMA:token_in
LLAMMA:token_out
UniswapSwap:token_out
UniswapSwap:token_in
UniswapSwap:token_in","UniswapV3Pool-WETH-USDT:fee_500
CurveStableSwap-crvUSD-USDT
CurveStableSwap-crvUSD-USDT
LLAMMA-WBTC-crvUSD
LLAMMA-WBTC-crvUSD
UniswapV3Pool-WBTC-WETH:fee_500
UniswapV3Pool-WETH-USDT:fee_500
UniswapV3Pool-WBTC-WETH:fee_500","usdt
usdt
crvusd
crvusd
wbtc
weth
weth
wbtc","flash_borrow:UniswapV3Pool-WETH-USDT:fee_500:0
CurveSwap:1
CurveSwap:1
LLAMMA:1
LLAMMA:1
flash_borrow:UniswapV3Pool-WBTC-WETH:fee_500:1
flash_repay:UniswapV3Pool-WETH-USDT:fee_500:0
flash_repay:UniswapV3Pool-WBTC-WETH:fee_500:1","0




1
0
1","UniswapSwap:token_out
CurveSwap:token_in
CurveSwap:token_out
LLAMMA:token_in
LLAMMA:token_out
UniswapSwap:token_out
UniswapSwap:token_in
UniswapSwap:token_in
usdt
usdt
crvusd
crvusd
wbtc
weth
weth
wbtc"
6,8,0x1b85c53efad4a247b1823f1d2567e42d0bfdcab269230a66b1fd2613a693dd25,"BalancerVault:token_out
CurveSwap:token_in
CurveSwap:token_out
UniswapSwap:token_out
LLAMMA:token_in
LLAMMA:token_out
UniswapSwap:token_in
BalancerVault:token_in","BalancerVault
CurveStableSwap-crvUSD-USDC
CurveStableSwap-crvUSD-USDC
UniswapV3Pool-WBTC-USDC:fee_500
LLAMMA-WBTC-crvUSD
LLAMMA-WBTC-crvUSD
UniswapV3Pool-WBTC-USDC:fee_500
BalancerVault","usdc
usdc
crvusd
usdc
crvusd
wbtc
wbtc
usdc","flash_borrow:BalancerVault:0
CurveSwap:1
CurveSwap:1
flash_borrow:UniswapV3Pool-WBTC-USDC:fee_500:1
LLAMMA:1
LLAMMA:1
flash_repay:UniswapV3Pool-WBTC-USDC:fee_500:1
flash_repay:BalancerVault:0","0


1


1
0","BalancerVault:token_out
CurveSwap:token_in
CurveSwap:token_out
UniswapSwap:token_out
LLAMMA:token_in
LLAMMA:token_out
UniswapSwap:token_in
BalancerVault:token_in
usdc
usdc
crvusd
usdc
crvusd
wbtc
wbtc
usdc"
27,8,0xa971cf5b1dd1b99896d3fdbd8f2270f45e94fb8d4801eee145e69aa2431033a7,"CurveSwap:token_in
CurveSwap:token_out
LLAMMA:token_in
LLAMMA:token_out","CurveStableSwap-crvUSD-USDT
CurveStableSwap-crvUSD-USDT
LLAMMA-WBTC-crvUSD
LLAMMA-WBTC-crvUSD","usdt
crvusd
crvusd
wbtc","CurveSwap:1
CurveSwap:1
LLAMMA:1
LLAMMA:1","


","CurveSwap:token_in
CurveSwap:token_out
LLAMMA:token_in
LLAMMA:token_out
usdt
crvusd
crvusd
wbtc"
77,8,0x44804130d7c95b80a3ce40b7e06e375392fee0e544c915bf6a01d2f2ccabd66d,"UniswapSwap:token_out
CurveSwap:token_in
CurveSwap:token_out
LLAMMA:token_in
LLAMMA:token_out
UniswapSwap:token_out
UniswapSwap:token_in
UniswapSwap:token_in","UniswapV3Pool-WETH-USDC:fee_500
CurveStableSwap-crvUSD-USDC
CurveStableSwap-crvUSD-USDC
LLAMMA-WBTC-crvUSD
LLAMMA-WBTC-crvUSD
UniswapV3Pool-WBTC-WETH:fee_500
UniswapV3Pool-WETH-USDC:fee_500
UniswapV3Pool-WBTC-WETH:fee_500","usdc
usdc
crvusd
crvusd
wbtc
weth
weth
wbtc","flash_borrow:UniswapV3Pool-WETH-USDC:fee_500:0
CurveSwap:1
CurveSwap:1
LLAMMA:1
LLAMMA:1
flash_borrow:UniswapV3Pool-WBTC-WETH:fee_500:1
flash_repay:UniswapV3Pool-WETH-USDC:fee_500:0
flash_repay:UniswapV3Pool-WBTC-WETH:fee_500:1","0




1
0
1","UniswapSwap:token_out
CurveSwap:token_in
CurveSwap:token_out
LLAMMA:token_in
LLAMMA:token_out
UniswapSwap:token_out
UniswapSwap:token_in
UniswapSwap:token_in
usdc
usdc
crvusd
crvusd
wbtc
weth
weth
wbtc"
84,8,0x1b87a6abfdd6191d1d7c4dadae358171772b2b6238598f9d7fae9ced2d22c59d,"UniswapSwap:token_out
LLAMMA:token_in
LLAMMA:token_out
CurveSwap:token_in
CurveSwap:token_out
UniswapSwap:token_in","UniswapV3Pool-WBTC-USDC:fee_500
LLAMMA-WBTC-crvUSD
LLAMMA-WBTC-crvUSD
CurveStableSwap-crvUSD-USDC
CurveStableSwap-crvUSD-USDC
UniswapV3Pool-WBTC-USDC:fee_500","wbtc
wbtc
crvusd
crvusd
usdc
usdc","flash_borrow:UniswapV3Pool-WBTC-USDC:fee_500:0
LLAMMA:1
LLAMMA:1
CurveSwap:1
CurveSwap:1
flash_repay:UniswapV3Pool-WBTC-USDC:fee_500:0","0




0","UniswapSwap:token_out
LLAMMA:token_in
LLAMMA:token_out
CurveSwap:token_in
CurveSwap:token_out
UniswapSwap:token_in
wbtc
wbtc
crvusd
crvusd
usdc
usdc"
4,7,0xe3d274a3df3a5b8b0d46f6dade3e9c6c520cecdb37b03bbd4cf0c47b287130b3,"BalancerVault:token_out
CurveSwap:token_in
CurveSwap:token_out
LLAMMA:token_in
LLAMMA:token_out
CurveSwap:token_in
CurveSwap:token_out
BalancerVault:token_in","BalancerVault
CurveStableSwap-crvUSD-USDT
CurveStableSwap-crvUSD-USDT
LLAMMA-WBTC-crvUSD
LLAMMA-WBTC-crvUSD
CurveTriCrypto-WBTC-ETH-USDT
CurveTriCrypto-WBTC-ETH-USDT
BalancerVault","usdt
usdt
crvusd
crvusd
wbtc
wbtc
usdt
usdt","flash_borrow:BalancerVault:0
CurveSwap:1
CurveSwap:1
LLAMMA:1
LLAMMA:1
CurveSwap:2
CurveSwap:2
flash_repay:BalancerVault:0","0






0","BalancerVault:token_out
CurveSwap:token_in
CurveSwap:token_out
LLAMMA:token_in
LLAMMA:token_out
CurveSwap:token_in
CurveSwap:token_out
BalancerVault:token_in
usdt
usdt
crvusd
crvusd
wbtc
wbtc
usdt
usdt"
19,7,0x5242eac90e146eded5122b7a0845970c508f4de7bf7b699478f148fd2f3d2909,"BalancerVault:token_out
UniswapSwap:token_out
UniswapSwap:token_in
LLAMMA:token_in
LLAMMA:token_out
CurveSwap:token_in
CurveSwap:token_out
BalancerVault:token_in","BalancerVault
UniswapV3Pool-WBTC-USDC:fee_500
UniswapV3Pool-WBTC-USDC:fee_500
LLAMMA-WBTC-crvUSD
LLAMMA-WBTC-crvUSD
CurveStableSwap-crvUSD-USDC
CurveStableSwap-crvUSD-USDC
BalancerVault","usdc
wbtc
usdc
wbtc
crvusd
crvusd
usdc
usdc","flash_borrow:BalancerVault:0
UniswapSwap:1
UniswapSwap:1
LLAMMA:1
LLAMMA:1
CurveSwap:1
CurveSwap:1
flash_repay:BalancerVault:0","0






0","BalancerVault:token_out
UniswapSwap:token_out
UniswapSwap:token_in
LLAMMA:token_in
LLAMMA:token_out
CurveSwap:token_in
CurveSwap:token_out
BalancerVault:token_in
usdc
wbtc
usdc
wbtc
crvusd
crvusd
usdc
usdc"
49,7,0x2a5d2f51ba4a0665e61d722d6c2b9cd9864819117355d53b0fb3df8b2b3e3f52,"LLAMMA:token_in
LLAMMA:token_out","LLAMMA-WBTC-crvUSD
LLAMMA-WBTC-crvUSD","wbtc
crvusd","LLAMMA:1
LLAMMA:1","
","LLAMMA:token_in
LLAMMA:token_out
wbtc
crvusd"
23,6,0x2ba2aabdc1bf736bf2c7357b4c6c77270de84839533cc4baecc271d1b9e4e3a8,"CurveSwap:token_in
CurveSwap:token_out
LLAMMA:token_in
LLAMMA:token_out","CurveTriCryptoNG-crvUSD-WETH-tBTC
CurveTriCryptoNG-crvUSD-WETH-tBTC
LLAMMA-WBTC-crvUSD
LLAMMA-WBTC-crvUSD","tbtc
crvusd
crvusd
wbtc","CurveSwap:1
CurveSwap:1
LLAMMA:1
LLAMMA:1","


","CurveSwap:token_in
CurveSwap:token_out
LLAMMA:token_in
LLAMMA:token_out
tbtc
crvusd
crvusd
wbtc"
48,6,0xa068cedd9d9fe61e6b8c9e87f2e2b2faf26b39ee6d67b0aadc381f50f30f3bd6,"LLAMMA:token_in
LLAMMA:token_out","LLAMMA-WBTC-crvUSD
LLAMMA-WBTC-crvUSD","crvusd
wbtc","LLAMMA:1
LLAMMA:1","
","LLAMMA:token_in
LLAMMA:token_out
crvusd
wbtc"
87,6,0x167218f6cbf5992ea6d897d85054aa381a4730f4d8442e1c23eca488f6c1d30f,"UniswapSwap:token_out
LLAMMA:token_in
LLAMMA:token_out
CurveSwap:token_in
CurveSwap:token_out
UniswapSwap:token_out
UniswapSwap:token_in
UniswapSwap:token_in","UniswapV3Pool-WBTC-WETH:fee_500
LLAMMA-WBTC-crvUSD
LLAMMA-WBTC-crvUSD
CurveStableSwap-crvUSD-USDC
CurveStableSwap-crvUSD-USDC
UniswapV3Pool-WETH-USDC:fee_500
UniswapV3Pool-WBTC-WETH:fee_500
UniswapV3Pool-WETH-USDC:fee_500","wbtc
wbtc
crvusd
crvusd
usdc
weth
weth
usdc","flash_borrow:UniswapV3Pool-WBTC-WETH:fee_500:0
LLAMMA:1
LLAMMA:1
CurveSwap:1
CurveSwap:1
flash_borrow:UniswapV3Pool-WETH-USDC:fee_500:1
flash_repay:UniswapV3Pool-WBTC-WETH:fee_500:0
flash_repay:UniswapV3Pool-WETH-USDC:fee_500:1","0




1
0
1","UniswapSwap:token_out
LLAMMA:token_in
LLAMMA:token_out
CurveSwap:token_in
CurveSwap:token_out
UniswapSwap:token_out
UniswapSwap:token_in
UniswapSwap:token_in
wbtc
wbtc
crvusd
crvusd
usdc
weth
weth
usdc"
89,6,0x8b1fb633a2803f553ef29429763ea21f2b02bdff2cadd03d4dcb5061c9a38d7c,"UniswapSwap:token_out
LLAMMA:token_in
LLAMMA:token_out
CurveSwap:token_in
CurveSwap:token_out
UniswapSwap:token_out
UniswapSwap:token_in
UniswapSwap:token_in","UniswapV3Pool-WBTC-WETH:fee_500
LLAMMA-WBTC-crvUSD
LLAMMA-WBTC-crvUSD
CurveStableSwap-crvUSD-USDT
CurveStableSwap-crvUSD-USDT
UniswapV3Pool-WETH-USDT:fee_500
UniswapV3Pool-WBTC-WETH:fee_500
UniswapV3Pool-WETH-USDT:fee_500","wbtc
wbtc
crvusd
crvusd
usdt
weth
weth
usdt","flash_borrow:UniswapV3Pool-WBTC-WETH:fee_500:0
LLAMMA:1
LLAMMA:1
CurveSwap:1
CurveSwap:1
flash_borrow:UniswapV3Pool-WETH-USDT:fee_500:1
flash_repay:UniswapV3Pool-WBTC-WETH:fee_500:0
flash_repay:UniswapV3Pool-WETH-USDT:fee_500:1","0




1
0
1","UniswapSwap:token_out
LLAMMA:token_in
LLAMMA:token_out
CurveSwap:token_in
CurveSwap:token_out
UniswapSwap:token_out
UniswapSwap:token_in
UniswapSwap:token_in
wbtc
wbtc
crvusd
crvusd
usdt
weth
weth
usdt"
42,5,0xebf1ac9c93f7af806120d15eaee1994fce511ef8ddb71b2c586ede38e6a3dc11,"CurveSwap:token_in
CurveSwap:token_out
LLAMMA:token_in
LLAMMA:token_out
WETH_withdraw:eth_out
WETH_withdraw:weth_in","CurveStableSwap-crvUSD-USDT
CurveStableSwap-crvUSD-USDT
LLAMMA-WBTC-crvUSD
LLAMMA-WBTC-crvUSD

","usdt
crvusd
crvusd
wbtc
eth
weth","CurveSwap:1
CurveSwap:1
LLAMMA:1
LLAMMA:1
WETH_withdraw:2
WETH_withdraw:2","




","CurveSwap:token_in
CurveSwap:token_out
LLAMMA:token_in
LLAMMA:token_out
WETH_withdraw:eth_out
WETH_withdraw:weth_in
usdt
crvusd
crvusd
wbtc
eth
weth"
52,5,0xa1ec87967f8225af69eea4bf15281e07d27652f2ed34c0b72c1bb161cb468a5c,"LLAMMA:token_in
LLAMMA:token_out
CurveSwap:token_in
CurveSwap:token_out","LLAMMA-WBTC-crvUSD
LLAMMA-WBTC-crvUSD
CurveStableSwap-crvUSD-USDT
CurveStableSwap-crvUSD-USDT","wbtc
crvusd
crvusd
usdt","LLAMMA:1
LLAMMA:1
CurveSwap:1
CurveSwap:1","


","LLAMMA:token_in
LLAMMA:token_out
CurveSwap:token_in
CurveSwap:token_out
wbtc
crvusd
crvusd
usdt"
71,5,0x680e7cffc5555f383322a195d12b5bf7d6a6a1142d8517296047059814d905a8,"UniswapSwap:token_out
CurveSwap:token_in
CurveSwap:token_out
LLAMMA:token_in
LLAMMA:token_out
CurveSwap:token_in
CurveSwapWETH_Deposit:eth_out
CurveSwapWETH_Deposit:weth_in
CurveSwap:token_out
UniswapSwap:token_in","UniswapV3Pool-WETH-USDT:fee_500
CurveStableSwap-crvUSD-USDT
CurveStableSwap-crvUSD-USDT
LLAMMA-WBTC-crvUSD
LLAMMA-WBTC-crvUSD
CurveTriCryptoNG-WBTC-ETH-USDT
CurveTriCryptoNG-WBTC-ETH-USDT
CurveTriCryptoNG-WBTC-ETH-USDT
CurveTriCryptoNG-WBTC-ETH-USDT
UniswapV3Pool-WETH-USDT:fee_500","usdt
usdt
crvusd
crvusd
wbtc
wbtc
eth
weth
weth
weth","flash_borrow:UniswapV3Pool-WETH-USDT:fee_500:0
CurveSwap:1
CurveSwap:1
LLAMMA:1
LLAMMA:1
CurveSwap:2
CurveSwap:2
CurveSwapWETH_Deposit:1
CurveSwap:2
CurveSwapWETH_Deposit:1
CurveSwap:2
flash_repay:UniswapV3Pool-WETH-USDT:fee_500:0","0








0","UniswapSwap:token_out
CurveSwap:token_in
CurveSwap:token_out
LLAMMA:token_in
LLAMMA:token_out
CurveSwap:token_in
CurveSwapWETH_Deposit:eth_out
CurveSwapWETH_Deposit:weth_in
CurveSwap:token_out
UniswapSwap:token_in
usdt
usdt
crvusd
crvusd
wbtc
wbtc
eth
weth
weth
weth"
103,5,0x90e67d1717198839b3e567313d709c80497436968a6d9e0ef2441a9791184f82,"WETH_deposit:eth_in
WETH_deposit:weth_out
LLAMMA:token_in
LLAMMA:token_out
CurveSwap:token_in
CurveSwap:token_out","

LLAMMA-WBTC-crvUSD
LLAMMA-WBTC-crvUSD
CurveStableSwap-crvUSD-USDT
CurveStableSwap-crvUSD-USDT","eth
weth
wbtc
crvusd
crvusd
usdt","WETH_deposit:1
WETH_deposit:1
LLAMMA:1
LLAMMA:1
CurveSwap:1
CurveSwap:1","




","WETH_deposit:eth_in
WETH_deposit:weth_out
LLAMMA:token_in
LLAMMA:token_out
CurveSwap:token_in
CurveSwap:token_out
eth
weth
wbtc
crvusd
crvusd
usdt"
0,4,0xc6d483bacdefe6918c989fd7257768bfad99f026e19318712a510ca807be010c,"BalancerVault:token_out
CurveSwap:token_in
CurveSwap:token_out
CurveSwap:token_in
CurveSwap:token_out
LLAMMA:token_in
LLAMMA:token_out
BalancerVault:token_in","BalancerVault
CurveTriCryptoNG-WBTC-USDC
CurveTriCryptoNG-WBTC-USDC
CurveStableSwap-crvUSD-USDC
CurveStableSwap-crvUSD-USDC
LLAMMA-WBTC-crvUSD
LLAMMA-WBTC-crvUSD
BalancerVault","wbtc
wbtc
usdc
usdc
crvusd
crvusd
wbtc
wbtc","flash_borrow:BalancerVault:0
CurveSwap:1
CurveSwap:1
CurveSwap:2
CurveSwap:2
LLAMMA:1
LLAMMA:1
flash_repay:BalancerVault:0","0






0","BalancerVault:token_out
CurveSwap:token_in
CurveSwap:token_out
CurveSwap:token_in
CurveSwap:token_out
LLAMMA:token_in
LLAMMA:token_out
BalancerVault:token_in
wbtc
wbtc
usdc
usdc
crvusd
crvusd
wbtc
wbtc"
9,4,0x49958f7d2e343f0a9d7745d27672c55a3c282d88778b537a44ab8b8d73d22077,"BalancerVault:token_out
CurveSwap:token_in
CurveSwapWETH_Withdraw:eth_in
CurveSwapWETH_Withdraw:weth_out
CurveSwap:token_out
LLAMMA:token_in
LLAMMA:token_out
CurveSwap:token_in
CurveSwap:token_out
UniswapSwap:token_out
BalancerVault:token_in
UniswapSwap:token_in","BalancerVault
CurveTriCryptoNG-WBTC-USDC
CurveTriCryptoNG-WBTC-USDC
CurveTriCryptoNG-WBTC-USDC
CurveTriCryptoNG-WBTC-USDC
LLAMMA-WBTC-crvUSD
LLAMMA-WBTC-crvUSD
CurveStableSwap-crvUSD-USDT
CurveStableSwap-crvUSD-USDT
UniswapV3Pool-WETH-USDT:fee_500
BalancerVault
UniswapV3Pool-WETH-USDT:fee_500","weth
weth
eth
weth
wbtc
wbtc
crvusd
crvusd
usdt
weth
weth
usdt","flash_borrow:BalancerVault:0
CurveSwap:1
CurveSwap:1
CurveSwapWETH_Withdraw:1
CurveSwap:1
CurveSwapWETH_Withdraw:1
CurveSwap:1
LLAMMA:1
LLAMMA:1
CurveSwap:3
CurveSwap:3
flash_borrow:UniswapV3Pool-WETH-USDT:fee_500:1
flash_repay:BalancerVault:0
flash_repay:UniswapV3Pool-WETH-USDT:fee_500:1","0








1
0
1","BalancerVault:token_out
CurveSwap:token_in
CurveSwapWETH_Withdraw:eth_in
CurveSwapWETH_Withdraw:weth_out
CurveSwap:token_out
LLAMMA:token_in
LLAMMA:token_out
CurveSwap:token_in
CurveSwap:token_out
UniswapSwap:token_out
BalancerVault:token_in
UniswapSwap:token_in
weth
weth
eth
weth
wbtc
wbtc
crvusd
crvusd
usdt
weth
weth
usdt"
25,4,0xff8bb42f2b56f04ba312d5ac3c6640fdba4772e7f2a3b429927e9299dbceffba,"CurveSwap:token_in
CurveSwap:token_out
LLAMMA:token_in
LLAMMA:token_out","CurveStableSwap-crvUSD-USDC
CurveStableSwap-crvUSD-USDC
LLAMMA-WBTC-crvUSD
LLAMMA-WBTC-crvUSD","usdc
crvusd
crvusd
wbtc","CurveSwap:1
CurveSwap:1
LLAMMA:1
LLAMMA:1","


","CurveSwap:token_in
CurveSwap:token_out
LLAMMA:token_in
LLAMMA:token_out
usdc
crvusd
crvusd
wbtc"
35,4,0x848af75285e9e16d14513b4f58725bb1eb4cea74e456ea1fde03a71a769a44fe,"CurveSwap:token_in
CurveSwap:token_out
LLAMMA:token_in
LLAMMA:token_out
UniswapSwap:token_out
UniswapSwap:token_in","CurveStableSwap-crvUSD-USDC
CurveStableSwap-crvUSD-USDC
LLAMMA-WBTC-crvUSD
LLAMMA-WBTC-crvUSD
UniswapV3Pool-WBTC-USDC:fee_500
UniswapV3Pool-WBTC-USDC:fee_500","usdc
crvusd
crvusd
wbtc
usdc
wbtc","CurveSwap:1
CurveSwap:1
LLAMMA:1
LLAMMA:1
UniswapSwap:1
UniswapSwap:1","




","CurveSwap:token_in
CurveSwap:token_out
LLAMMA:token_in
LLAMMA:token_out
UniswapSwap:token_out
UniswapSwap:token_in
usdc
crvusd
crvusd
wbtc
usdc
wbtc"
66,4,0x3ecc0bb9511911cbd05d460ff5bdc5c413f9abff6acfa74401f2c9c0e77705e0,"MaverickSwap:token_out
MaverickSwap:token_in
LLAMMA:token_in
LLAMMA:token_out","MaverickPool-WBTC-WETH:fee_400
MaverickPool-WBTC-WETH:fee_400
LLAMMA-WBTC-crvUSD
LLAMMA-WBTC-crvUSD","wbtc
weth
wbtc
crvusd","MaverickSwap:1
MaverickSwap:1
LLAMMA:1
LLAMMA:1","


","MaverickSwap:token_out
MaverickSwap:token_in
LLAMMA:token_in
LLAMMA:token_out
wbtc
weth
wbtc
crvusd"
3,3,0xf3937e93368fdb6a9f3a3ca8310f25d083cb920381c3fbf5e56596a9a801e3cf,"BalancerVault:token_out
CurveSwap:token_in
CurveSwap:token_out
LLAMMA:token_in
LLAMMA:token_out
CurveSwap:token_in
CurveSwap:token_out
BalancerVault:token_in","BalancerVault
CurveTriCryptoNG-WBTC-USDC
CurveTriCryptoNG-WBTC-USDC
LLAMMA-WBTC-crvUSD
LLAMMA-WBTC-crvUSD
CurveStableSwap-crvUSD-USDC
CurveStableSwap-crvUSD-USDC
BalancerVault","usdc
usdc
wbtc
wbtc
crvusd
crvusd
usdc
usdc","flash_borrow:BalancerVault:0
CurveSwap:1
CurveSwap:1
LLAMMA:1
LLAMMA:1
CurveSwap:2
CurveSwap:2
flash_repay:BalancerVault:0","0






0","BalancerVault:token_out
CurveSwap:token_in
CurveSwap:token_out
LLAMMA:token_in
LLAMMA:token_out
CurveSwap:token_in
CurveSwap:token_out
BalancerVault:token_in
usdc
usdc
wbtc
wbtc
crvusd
crvusd
usdc
usdc"
5,3,0xae3cb625717545d3df744190dd4dfa1831bbc2c60a112116a53576b819cc7fc3,"BalancerVault:token_out
CurveSwap:token_in
CurveSwap:token_out
LLAMMA:token_in
LLAMMA:token_out
CurveSwap:token_in
CurveSwap:token_out
BalancerVault:token_in","BalancerVault
CurveTriCryptoNG-WBTC-ETH-USDT
CurveTriCryptoNG-WBTC-ETH-USDT
LLAMMA-WBTC-crvUSD
LLAMMA-WBTC-crvUSD
CurveStableSwap-crvUSD-USDT
CurveStableSwap-crvUSD-USDT
BalancerVault","usdt
usdt
wbtc
wbtc
crvusd
crvusd
usdt
usdt","flash_borrow:BalancerVault:0
CurveSwap:1
CurveSwap:1
LLAMMA:1
LLAMMA:1
CurveSwap:2
CurveSwap:2
flash_repay:BalancerVault:0","0






0","BalancerVault:token_out
CurveSwap:token_in
CurveSwap:token_out
LLAMMA:token_in
LLAMMA:token_out
CurveSwap:token_in
CurveSwap:token_out
BalancerVault:token_in
usdt
usdt
wbtc
wbtc
crvusd
crvusd
usdt
usdt"
8,3,0x0bedcac1a444366f0e2be1151ae7016e2a6ea4570d2810918dc548029080488c,"BalancerVault:token_out
CurveSwap:token_in
CurveSwapWETH_Withdraw:eth_in
CurveSwapWETH_Withdraw:weth_out
CurveSwap:token_out
LLAMMA:token_in
LLAMMA:token_out
CurveSwap:token_in
CurveSwap:token_out
UniswapSwap:token_out
BalancerVault:token_in
UniswapSwap:token_in","BalancerVault
CurveTriCryptoNG-WBTC-ETH-USDT
CurveTriCryptoNG-WBTC-ETH-USDT
CurveTriCryptoNG-WBTC-ETH-USDT
CurveTriCryptoNG-WBTC-ETH-USDT
LLAMMA-WBTC-crvUSD
LLAMMA-WBTC-crvUSD
CurveStableSwap-crvUSD-USDC
CurveStableSwap-crvUSD-USDC
UniswapV3Pool-WETH-USDC:fee_500
BalancerVault
UniswapV3Pool-WETH-USDC:fee_500","weth
weth
eth
weth
wbtc
wbtc
crvusd
crvusd
usdc
weth
weth
usdc","flash_borrow:BalancerVault:0
CurveSwap:1
CurveSwap:1
CurveSwapWETH_Withdraw:1
CurveSwap:1
CurveSwapWETH_Withdraw:1
CurveSwap:1
LLAMMA:1
LLAMMA:1
CurveSwap:3
CurveSwap:3
flash_borrow:UniswapV3Pool-WETH-USDC:fee_500:1
flash_repay:BalancerVault:0
flash_repay:UniswapV3Pool-WETH-USDC:fee_500:1","0








1
0
1","BalancerVault:token_out
CurveSwap:token_in
CurveSwapWETH_Withdraw:eth_in
CurveSwapWETH_Withdraw:weth_out
CurveSwap:token_out
LLAMMA:token_in
LLAMMA:token_out
CurveSwap:token_in
CurveSwap:token_out
UniswapSwap:token_out
BalancerVault:token_in
UniswapSwap:token_in
weth
weth
eth
weth
wbtc
wbtc
crvusd
crvusd
usdc
weth
weth
usdc"
13,3,0x2d1ede3f8f22ba180c102a1c5fc606fa92891873711695bc3f938ae20cabd2b9,"BalancerVault:token_out
LLAMMA:token_in
LLAMMA:token_out
CurveSwap:token_in
CurveSwap:token_out
CurveSwap:token_in
CurveSwap:token_out
BalancerVault:token_in","BalancerVault
LLAMMA-WBTC-crvUSD
LLAMMA-WBTC-crvUSD
CurveStableSwap-crvUSD-USDT
CurveStableSwap-crvUSD-USDT
CurveTriCryptoNG-WBTC-ETH-USDT
CurveTriCryptoNG-WBTC-ETH-USDT
BalancerVault","wbtc
wbtc
crvusd
crvusd
usdt
usdt
wbtc
wbtc","flash_borrow:BalancerVault:0
LLAMMA:1
LLAMMA:1
CurveSwap:1
CurveSwap:1
CurveSwap:2
CurveSwap:2
flash_repay:BalancerVault:0","0






0","BalancerVault:token_out
LLAMMA:token_in
LLAMMA:token_out
CurveSwap:token_in
CurveSwap:token_out
CurveSwap:token_in
CurveSwap:token_out
BalancerVault:token_in
wbtc
wbtc
crvusd
crvusd
usdt
usdt
wbtc
wbtc"
29,3,0x6e657291b6699a6c37ae5b87eb25499ea3864e9a456fe950f760d8e0f0c97a2a,"CurveSwap:token_in
CurveSwap:token_out
LLAMMA:token_in
LLAMMA:token_out
CurveSwap:token_in
CurveSwap:token_out","CurveTriCryptoNG-WBTC-USDC
CurveTriCryptoNG-WBTC-USDC
LLAMMA-WBTC-crvUSD
LLAMMA-WBTC-crvUSD
CurveStableSwap-crvUSD-USDC
CurveStableSwap-crvUSD-USDC","usdc
wbtc
wbtc
crvusd
crvusd
usdc","CurveSwap:1
CurveSwap:1
LLAMMA:1
LLAMMA:1
CurveSwap:2
CurveSwap:2","




","CurveSwap:token_in
CurveSwap:token_out
LLAMMA:token_in
LLAMMA:token_out
CurveSwap:token_in
CurveSwap:token_out
usdc
wbtc
wbtc
crvusd
crvusd
usdc"
39,3,0xf67a32e1743043c510336c85dbd886677c0aff12ea82f5adfa0fe21088f2db46,"CurveSwap:token_in
CurveSwap:token_out
LLAMMA:token_in
LLAMMA:token_out
UniswapSwap:token_out
UniswapSwap:token_in
WETH_withdraw:eth_out
WETH_withdraw:weth_in","CurveStableSwap-crvUSD-USDC
CurveStableSwap-crvUSD-USDC
LLAMMA-WBTC-crvUSD
LLAMMA-WBTC-crvUSD
UniswapV3Pool-WBTC-WETH:fee_500
UniswapV3Pool-WBTC-WETH:fee_500

","usdc
crvusd
crvusd
wbtc
weth
wbtc
eth
weth","CurveSwap:1
CurveSwap:1
LLAMMA:1
LLAMMA:1
UniswapSwap:1
UniswapSwap:1
WETH_withdraw:1
WETH_withdraw:1","






","CurveSwap:token_in
CurveSwap:token_out
LLAMMA:token_in
LLAMMA:token_out
UniswapSwap:token_out
UniswapSwap:token_in
WETH_withdraw:eth_out
WETH_withdraw:weth_in
usdc
crvusd
crvusd
wbtc
weth
wbtc
eth
weth"
40,3,0x831973b807c4a094fcac777afb415a5db72ff4527fbce76e87179eb098cd9cf3,"CurveSwap:token_in
CurveSwap:token_out
LLAMMA:token_in
LLAMMA:token_out
UniswapSwap:token_out
UniswapSwap:token_in
WETH_withdraw:eth_out
WETH_withdraw:weth_in","CurveStableSwap-crvUSD-USDT
CurveStableSwap-crvUSD-USDT
LLAMMA-WBTC-crvUSD
LLAMMA-WBTC-crvUSD
UniswapV3Pool-WBTC-WETH:fee_500
UniswapV3Pool-WBTC-WETH:fee_500

","usdt
crvusd
crvusd
wbtc
weth
wbtc
eth
weth","CurveSwap:1
CurveSwap:1
LLAMMA:1
LLAMMA:1
UniswapSwap:1
UniswapSwap:1
WETH_withdraw:1
WETH_withdraw:1","






","CurveSwap:token_in
CurveSwap:token_out
LLAMMA:token_in
LLAMMA:token_out
UniswapSwap:token_out
UniswapSwap:token_in
WETH_withdraw:eth_out
WETH_withdraw:weth_in
usdt
crvusd
crvusd
wbtc
weth
wbtc
eth
weth"
41,3,0x4f03e5c449ee04108db9e52e31b354bf0cfda47a0eb5e35f2bcb2a7bccce59d0,"CurveSwap:token_in
CurveSwap:token_out
LLAMMA:token_in
LLAMMA:token_out
WETH_withdraw:eth_out
WETH_withdraw:weth_in","CurveStableSwap-crvUSD-USDC
CurveStableSwap-crvUSD-USDC
LLAMMA-WBTC-crvUSD
LLAMMA-WBTC-crvUSD

","usdc
crvusd
crvusd
wbtc
eth
weth","CurveSwap:1
CurveSwap:1
LLAMMA:1
LLAMMA:1
WETH_withdraw:1
WETH_withdraw:1","




","CurveSwap:token_in
CurveSwap:token_out
LLAMMA:token_in
LLAMMA:token_out
WETH_withdraw:eth_out
WETH_withdraw:weth_in
usdc
crvusd
crvusd
wbtc
eth
weth"
57,3,0xe07f5b81c0b4ec7df1f97284ba7255ba078f66920e511ce99cfb6c6bb3d4ccb0,"LLAMMA:token_in
LLAMMA:token_out
CurveSwap:token_in
CurveSwap:token_out
MaverickSwap:token_out
MaverickSwap:token_in","LLAMMA-WBTC-crvUSD
LLAMMA-WBTC-crvUSD
CurveStableSwap-crvUSD-USDC
CurveStableSwap-crvUSD-USDC
MaverickPool-DAI-USDC:fee_500
MaverickPool-DAI-USDC:fee_500","wbtc
crvusd
crvusd
usdc
dai
usdc","LLAMMA:1
LLAMMA:1
CurveSwap:1
CurveSwap:1
MaverickSwap:1
MaverickSwap:1","




","LLAMMA:token_in
LLAMMA:token_out
CurveSwap:token_in
CurveSwap:token_out
MaverickSwap:token_out
MaverickSwap:token_in
wbtc
crvusd
crvusd
usdc
dai
usdc"
69,3,0x20ae42ec58ab616113989c8dff0d11100576fbca7a8731ac865575f19dc26068,"UniswapSwap:token_out
CurveSwap:token_in
CurveSwap:token_out
CurveSwap:token_in
CurveSwap:token_out
LLAMMA:token_in
LLAMMA:token_out
UniswapSwap:token_in","UniswapV3Pool-WBTC-BADGER:fee_3000
CurveStableSwap-BADGER-crvFRAX
CurveStableSwap-BADGER-crvFRAX
CurveStableSwap-crvUSD-TUSD
CurveStableSwap-crvUSD-TUSD
LLAMMA-WBTC-crvUSD
LLAMMA-WBTC-crvUSD
UniswapV3Pool-WBTC-BADGER:fee_3000","badger
badger
crvfrax
tusd
crvusd
crvusd
wbtc
wbtc","flash_borrow:UniswapV3Pool-WBTC-BADGER:fee_3000:0
CurveSwap:1
CurveSwap:1
CurveSwap:2
CurveSwap:2
LLAMMA:1
LLAMMA:1
flash_repay:UniswapV3Pool-WBTC-BADGER:fee_3000:0","0






0","UniswapSwap:token_out
CurveSwap:token_in
CurveSwap:token_out
CurveSwap:token_in
CurveSwap:token_out
LLAMMA:token_in
LLAMMA:token_out
UniswapSwap:token_in
badger
badger
crvfrax
tusd
crvusd
crvusd
wbtc
wbtc"
70,3,0xfbe2fd0ec7de08e26c2ac3de56f5f748de049b182cbb5e2c6477db5f713b96bf,"UniswapSwap:token_out
CurveSwap:token_in
CurveSwap:token_out
LLAMMA:token_in
LLAMMA:token_out
CurveSwap:token_in
CurveSwapWETH_Deposit:eth_out
CurveSwapWETH_Deposit:weth_in
CurveSwap:token_out
UniswapSwap:token_in","UniswapV3Pool-WETH-USDC:fee_500
CurveStableSwap-crvUSD-USDC
CurveStableSwap-crvUSD-USDC
LLAMMA-WBTC-crvUSD
LLAMMA-WBTC-crvUSD
CurveTriCryptoNG-WBTC-USDC
CurveTriCryptoNG-WBTC-USDC
CurveTriCryptoNG-WBTC-USDC
CurveTriCryptoNG-WBTC-USDC
UniswapV3Pool-WETH-USDC:fee_500","usdc
usdc
crvusd
crvusd
wbtc
wbtc
eth
weth
weth
weth","flash_borrow:UniswapV3Pool-WETH-USDC:fee_500:0
CurveSwap:1
CurveSwap:1
LLAMMA:1
LLAMMA:1
CurveSwap:2
CurveSwap:2
CurveSwapWETH_Deposit:1
CurveSwap:2
CurveSwapWETH_Deposit:1
CurveSwap:2
flash_repay:UniswapV3Pool-WETH-USDC:fee_500:0","0








0","UniswapSwap:token_out
CurveSwap:token_in
CurveSwap:token_out
LLAMMA:token_in
LLAMMA:token_out
CurveSwap:token_in
CurveSwapWETH_Deposit:eth_out
CurveSwapWETH_Deposit:weth_in
CurveSwap:token_out
UniswapSwap:token_in
usdc
usdc
crvusd
crvusd
wbtc
wbtc
eth
weth
weth
weth"
86,3,0xf2efed2d883faca22f46782c4713ce2f7737107447a752d1750ad0177847ae6f,"UniswapSwap:token_out
LLAMMA:token_in
LLAMMA:token_out
CurveSwap:token_in
CurveSwap:token_out
UniswapSwap:token_out
UniswapSwap:token_in
UniswapSwap:token_in","UniswapV3Pool-WBTC-WETH:fee_500
LLAMMA-WBTC-crvUSD
LLAMMA-WBTC-crvUSD
CurveStableSwap-crvUSD-USDC
CurveStableSwap-crvUSD-USDC
UniswapV3Pool-WETH-USDC:fee_500
UniswapV3Pool-WETH-USDC:fee_500
UniswapV3Pool-WBTC-WETH:fee_500","wbtc
wbtc
crvusd
crvusd
usdc
weth
usdc
weth","flash_borrow:UniswapV3Pool-WBTC-WETH:fee_500:0
LLAMMA:1
LLAMMA:1
CurveSwap:1
CurveSwap:1
UniswapSwap:2
UniswapSwap:2
flash_repay:UniswapV3Pool-WBTC-WETH:fee_500:0","0






0","UniswapSwap:token_out
LLAMMA:token_in
LLAMMA:token_out
CurveSwap:token_in
CurveSwap:token_out
UniswapSwap:token_out
UniswapSwap:token_in
UniswapSwap:token_in
wbtc
wbtc
crvusd
crvusd
usdc
weth
usdc
weth"
110,3,0xe31510b754718931cc0bccf2948c17d84b013c2112e342ff01504c283d8b1007,"WETH_deposit:eth_in
WETH_deposit:weth_out
UniswapSwap:token_out
UniswapSwap:token_in
LLAMMA:token_in
LLAMMA:token_out
CurveSwap:token_in
CurveSwap:token_out","

UniswapV3Pool-WBTC-WETH:fee_500
UniswapV3Pool-WBTC-WETH:fee_500
LLAMMA-WBTC-crvUSD
LLAMMA-WBTC-crvUSD
CurveStableSwap-crvUSD-USDC
CurveStableSwap-crvUSD-USDC","eth
weth
wbtc
weth
wbtc
crvusd
crvusd
usdc","WETH_deposit:1
WETH_deposit:1
UniswapSwap:1
UniswapSwap:1
LLAMMA:1
LLAMMA:1
CurveSwap:1
CurveSwap:1","






","WETH_deposit:eth_in
WETH_deposit:weth_out
UniswapSwap:token_out
UniswapSwap:token_in
LLAMMA:token_in
LLAMMA:token_out
CurveSwap:token_in
CurveSwap:token_out
eth
weth
wbtc
weth
wbtc
crvusd
crvusd
usdc"
11,2,0x95dee65a8d23193e6b24796c48814b32719c93f53ad1990f709d457ed32057ba,"BalancerVault:token_out
LLAMMA:token_in
LLAMMA:token_out
CurveSwap:token_in
CurveSwap:token_out
BalancerVault:token_in","BalancerVault
LLAMMA-WBTC-crvUSD
LLAMMA-WBTC-crvUSD
CurveTriCryptoNG-crvUSD-WETH-tBTC
CurveTriCryptoNG-crvUSD-WETH-tBTC
BalancerVault","wbtc
wbtc
crvusd
crvusd
tbtc
wbtc","flash_borrow:BalancerVault:0
LLAMMA:1
LLAMMA:1
CurveSwap:1
CurveSwap:1
flash_repay:BalancerVault:0","0




0","BalancerVault:token_out
LLAMMA:token_in
LLAMMA:token_out
CurveSwap:token_in
CurveSwap:token_out
BalancerVault:token_in
wbtc
wbtc
crvusd
crvusd
tbtc
wbtc"
12,2,0x6027acf0b4e22184053234d69ec805451080e79631e9efcdf2f24c2b63dbc8ed,"BalancerVault:token_out
LLAMMA:token_in
LLAMMA:token_out
CurveSwap:token_in
CurveSwap:token_out
CurveSwap:token_in
CurveSwap:token_out
BalancerVault:token_in","BalancerVault
LLAMMA-WBTC-crvUSD
LLAMMA-WBTC-crvUSD
CurveStableSwap-crvUSD-USDC
CurveStableSwap-crvUSD-USDC
CurveTriCryptoNG-WBTC-USDC
CurveTriCryptoNG-WBTC-USDC
BalancerVault","wbtc
wbtc
crvusd
crvusd
usdc
usdc
wbtc
wbtc","flash_borrow:BalancerVault:0
LLAMMA:1
LLAMMA:1
CurveSwap:1
CurveSwap:1
CurveSwap:2
CurveSwap:2
flash_repay:BalancerVault:0","0






0","BalancerVault:token_out
LLAMMA:token_in
LLAMMA:token_out
CurveSwap:token_in
CurveSwap:token_out
CurveSwap:token_in
CurveSwap:token_out
BalancerVault:token_in
wbtc
wbtc
crvusd
crvusd
usdc
usdc
wbtc
wbtc"
44,2,0x73b8a4cffc9001062b0a7338f304c4a8c7471b39d4ddc18f5aae464103c23fd6,"CurveSwap:token_in
CurveSwap:token_out
UniswapSwap:token_out
LLAMMA:token_in
LLAMMA:token_out
UniswapSwap:token_in","CurveStableSwap-crvUSD-USDC
CurveStableSwap-crvUSD-USDC
UniswapV3Pool-WBTC-USDC:fee_500
LLAMMA-WBTC-crvUSD
LLAMMA-WBTC-crvUSD
UniswapV3Pool-WBTC-USDC:fee_500","usdc
crvusd
usdc
crvusd
wbtc
wbtc","CurveSwap:1
CurveSwap:1
flash_borrow:UniswapV3Pool-WBTC-USDC:fee_500:0
LLAMMA:1
LLAMMA:1
flash_repay:UniswapV3Pool-WBTC-USDC:fee_500:0","

0


0","CurveSwap:token_in
CurveSwap:token_out
UniswapSwap:token_out
LLAMMA:token_in
LLAMMA:token_out
UniswapSwap:token_in
usdc
crvusd
usdc
crvusd
wbtc
wbtc"
50,2,0xd74c71b67635f407d953c54489c0717a062631a36e0f7270bf8cfec5d9456098,"LLAMMA:token_in
LLAMMA:token_out
CurveSwap:token_in
CurveSwap:token_out","LLAMMA-WBTC-crvUSD
LLAMMA-WBTC-crvUSD
CurveTriCryptoNG-crvUSD-WETH-tBTC
CurveTriCryptoNG-crvUSD-WETH-tBTC","wbtc
crvusd
crvusd
tbtc","LLAMMA:1
LLAMMA:1
CurveSwap:1
CurveSwap:1","


","LLAMMA:token_in
LLAMMA:token_out
CurveSwap:token_in
CurveSwap:token_out
wbtc
crvusd
crvusd
tbtc"
53,2,0x11347266eadbd92d82169649ae204572c8fa4553cbe225e263636ff062dc62c9,"LLAMMA:token_in
LLAMMA:token_out
CurveSwap:token_in
CurveSwap:token_out","LLAMMA-WBTC-crvUSD
LLAMMA-WBTC-crvUSD
CurveStableSwap-crvUSD-USDC
CurveStableSwap-crvUSD-USDC","wbtc
crvusd
usdc
crvusd","LLAMMA:1
LLAMMA:1
CurveSwap:1
CurveSwap:1","


","LLAMMA:token_in
LLAMMA:token_out
CurveSwap:token_in
CurveSwap:token_out
wbtc
crvusd
usdc
crvusd"
85,2,0x4bd9932581e97262804a888566d217e8782d8c49c6cbc63df2bec631f704ad63,"UniswapSwap:token_out
LLAMMA:token_in
LLAMMA:token_out
CurveSwap:token_in
CurveSwap:token_out
UniswapSwap:token_in","UniswapV3Pool-WBTC-USDC:fee_3000
LLAMMA-WBTC-crvUSD
LLAMMA-WBTC-crvUSD
CurveStableSwap-crvUSD-USDT
CurveStableSwap-crvUSD-USDT
UniswapV3Pool-WBTC-USDC:fee_3000","wbtc
wbtc
crvusd
crvusd
usdt
usdt","UniswapSwap:1
LLAMMA:1
LLAMMA:1
CurveSwap:1
CurveSwap:1
UniswapSwap:2","




","UniswapSwap:token_out
LLAMMA:token_in
LLAMMA:token_out
CurveSwap:token_in
CurveSwap:token_out
UniswapSwap:token_in
wbtc
wbtc
crvusd
crvusd
usdt
usdt"
96,2,0xa1587efc9a9c389567df2b869ac59f3412126b5893ddb151a0abf5d09f7a503a,"UniswapSwap:token_out
UniswapSwap:token_in
LLAMMA:token_in
LLAMMA:token_out","UniswapV3Pool-WBTC-WETH:fee_500
UniswapV3Pool-WBTC-WETH:fee_500
LLAMMA-WBTC-crvUSD
LLAMMA-WBTC-crvUSD","wbtc
weth
wbtc
crvusd","UniswapSwap:1
UniswapSwap:1
LLAMMA:1
LLAMMA:1","


","UniswapSwap:token_out
UniswapSwap:token_in
LLAMMA:token_in
LLAMMA:token_out
wbtc
weth
wbtc
crvusd"
100,2,0x9453004eeaba130c82a581357faed115ed056ef838f0d8d855df4059a1e48e20,"UniswapSwap:token_out
UniswapSwap:token_out
CurveSwap:token_in
CurveSwap:token_out
LLAMMA:token_in
LLAMMA:token_out
UniswapSwap:token_in
UniswapSwap:token_in","UniswapV3Pool-WBTC-WETH:fee_500
UniswapV3Pool-WETH-USDC:fee_500
CurveStableSwap-crvUSD-USDC
CurveStableSwap-crvUSD-USDC
LLAMMA-WBTC-crvUSD
LLAMMA-WBTC-crvUSD
UniswapV3Pool-WETH-USDC:fee_500
UniswapV3Pool-WBTC-WETH:fee_500","weth
usdc
usdc
crvusd
crvusd
wbtc
weth
wbtc","flash_borrow:UniswapV3Pool-WBTC-WETH:fee_500:0
flash_borrow:UniswapV3Pool-WETH-USDC:fee_500:1
CurveSwap:1
CurveSwap:1
LLAMMA:1
LLAMMA:1
flash_repay:UniswapV3Pool-WETH-USDC:fee_500:1
flash_repay:UniswapV3Pool-WBTC-WETH:fee_500:0","0
1




1
0","UniswapSwap:token_out
UniswapSwap:token_out
CurveSwap:token_in
CurveSwap:token_out
LLAMMA:token_in
LLAMMA:token_out
UniswapSwap:token_in
UniswapSwap:token_in
weth
usdc
usdc
crvusd
crvusd
wbtc
weth
wbtc"
104,2,0xeb738b2f77b3cbd41b00ec0a3959800d54cd9c08ae889ecf9b22f950b29c8e61,"WETH_deposit:eth_in
WETH_deposit:weth_out
MaverickSwap:token_out
MaverickSwap:token_in
LLAMMA:token_in
LLAMMA:token_out","

MaverickPool-WBTC-WETH:fee_400
MaverickPool-WBTC-WETH:fee_400
LLAMMA-WBTC-crvUSD
LLAMMA-WBTC-crvUSD","eth
weth
wbtc
weth
wbtc
crvusd","WETH_deposit:1
WETH_deposit:1
MaverickSwap:1
MaverickSwap:1
LLAMMA:1
LLAMMA:1","




","WETH_deposit:eth_in
WETH_deposit:weth_out
MaverickSwap:token_out
MaverickSwap:token_in
LLAMMA:token_in
LLAMMA:token_out
eth
weth
wbtc
weth
wbtc
crvusd"
106,2,0xcb2c636e33d67fe9f520ae9805609507726028da6e3cc543f78c4b8129589f7a,"WETH_deposit:eth_in
WETH_deposit:weth_out
MaverickSwap:token_out
MaverickSwap:token_in
LLAMMA:token_in
LLAMMA:token_out
CurveSwap:token_in
CurveSwap:token_out","

MaverickPool-WBTC-WETH:fee_400
MaverickPool-WBTC-WETH:fee_400
LLAMMA-WBTC-crvUSD
LLAMMA-WBTC-crvUSD
CurveStableSwap-crvUSD-USDT
CurveStableSwap-crvUSD-USDT","eth
weth
wbtc
weth
wbtc
crvusd
crvusd
usdt","WETH_deposit:1
WETH_deposit:1
MaverickSwap:1
MaverickSwap:1
LLAMMA:1
LLAMMA:1
CurveSwap:1
CurveSwap:1","






","WETH_deposit:eth_in
WETH_deposit:weth_out
MaverickSwap:token_out
MaverickSwap:token_in
LLAMMA:token_in
LLAMMA:token_out
CurveSwap:token_in
CurveSwap:token_out
eth
weth
wbtc
weth
wbtc
crvusd
crvusd
usdt"
2,1,0xbcb8683b204432f9517da6f9b0a37d58303cc6842c44cf701e7a44ffe6acdf07,"BalancerVault:token_out
CurveSwap:token_in
CurveSwap:token_out
LLAMMA:token_in
LLAMMA:token_out
CurveSwap:token_in
CurveSwap:token_out
BalancerVault:token_in","BalancerVault
CurveStableSwap-crvUSD-USDC
CurveStableSwap-crvUSD-USDC
LLAMMA-WBTC-crvUSD
LLAMMA-WBTC-crvUSD
CurveTriCryptoNG-WBTC-USDC
CurveTriCryptoNG-WBTC-USDC
BalancerVault","usdc
usdc
crvusd
crvusd
wbtc
wbtc
usdc
usdc","flash_borrow:BalancerVault:0
CurveSwap:1
CurveSwap:1
LLAMMA:1
LLAMMA:1
CurveSwap:2
CurveSwap:2
flash_repay:BalancerVault:0","0






0","BalancerVault:token_out
CurveSwap:token_in
CurveSwap:token_out
LLAMMA:token_in
LLAMMA:token_out
CurveSwap:token_in
CurveSwap:token_out
BalancerVault:token_in
usdc
usdc
crvusd
crvusd
wbtc
wbtc
usdc
usdc"
7,1,0x5ef0c85ec92f22dcad41afc8e41da154b13094650002f1b15f0863655a28f95b,"BalancerVault:token_out
CurveSwap:token_in
CurveSwap:token_out
UniswapSwap:token_out
LLAMMA:token_in
LLAMMA:token_out
UniswapSwap:token_in
BalancerVault:token_in","BalancerVault
CurveStableSwap-crvUSD-USDT
CurveStableSwap-crvUSD-USDT
UniswapV3Pool-WBTC-USDC:fee_3000
LLAMMA-WBTC-crvUSD
LLAMMA-WBTC-crvUSD
UniswapV3Pool-WBTC-USDC:fee_3000
BalancerVault","usdt
usdt
crvusd
usdt
crvusd
wbtc
wbtc
usdt","flash_borrow:BalancerVault:0
CurveSwap:1
CurveSwap:1
UniswapSwap:1
LLAMMA:1
LLAMMA:1
UniswapSwap:2
flash_repay:BalancerVault:0","0






0","BalancerVault:token_out
CurveSwap:token_in
CurveSwap:token_out
UniswapSwap:token_out
LLAMMA:token_in
LLAMMA:token_out
UniswapSwap:token_in
BalancerVault:token_in
usdt
usdt
crvusd
usdt
crvusd
wbtc
wbtc
usdt"
10,1,0xb91554facaff9c391d654b1fba1ea24484a439267ab6bd1fdbc0edd42cfed65d,"BalancerVault:token_out
CurveSwap:token_in
CurveSwapWETH_Withdraw:eth_in
CurveSwapWETH_Withdraw:weth_out
CurveSwap:token_out
LLAMMA:token_in
LLAMMA:token_out
CurveSwap:token_in
CurveSwap:token_out
UniswapSwap:token_out
UniswapSwap:token_in
BalancerVault:token_in","BalancerVault
CurveTriCryptoNG-WBTC-USDC
CurveTriCryptoNG-WBTC-USDC
CurveTriCryptoNG-WBTC-USDC
CurveTriCryptoNG-WBTC-USDC
LLAMMA-WBTC-crvUSD
LLAMMA-WBTC-crvUSD
CurveStableSwap-crvUSD-USDC
CurveStableSwap-crvUSD-USDC
UniswapV3Pool-WETH-USDC:fee_500
UniswapV3Pool-WETH-USDC:fee_500
BalancerVault","weth
weth
eth
weth
wbtc
wbtc
crvusd
crvusd
usdc
weth
usdc
weth","flash_borrow:BalancerVault:0
CurveSwap:1
CurveSwap:1
CurveSwapWETH_Withdraw:1
CurveSwap:1
CurveSwapWETH_Withdraw:1
CurveSwap:1
LLAMMA:1
LLAMMA:1
CurveSwap:3
CurveSwap:3
UniswapSwap:1
UniswapSwap:1
flash_repay:BalancerVault:0","0










0","BalancerVault:token_out
CurveSwap:token_in
CurveSwapWETH_Withdraw:eth_in
CurveSwapWETH_Withdraw:weth_out
CurveSwap:token_out
LLAMMA:token_in
LLAMMA:token_out
CurveSwap:token_in
CurveSwap:token_out
UniswapSwap:token_out
UniswapSwap:token_in
BalancerVault:token_in
weth
weth
eth
weth
wbtc
wbtc
crvusd
crvusd
usdc
weth
usdc
weth"
14,1,0x5856f44cce00e919a1d03b59335bc9a8876ae1ac830e1c00a1d0a01114912811,"BalancerVault:token_out
LLAMMA:token_in
LLAMMA:token_out
UniswapSwap:token_out
CurveSwap:token_in
UniswapSwap:token_in
BalancerVault:token_in","BalancerVault
LLAMMA-WBTC-crvUSD
LLAMMA-WBTC-crvUSD
UniswapV3Pool-WBTC-USDC:fee_500
CurveStableSwap-crvUSD-USDC
CurveStableSwap-crvUSD-USDC
UniswapV3Pool-WBTC-USDC:fee_500
BalancerVault","wbtc
wbtc
crvusd
wbtc
crvusd
usdc
wbtc","flash_borrow:BalancerVault:0
LLAMMA:1
LLAMMA:1
flash_borrow:UniswapV3Pool-WBTC-USDC:fee_500:1
CurveSwap:1
flash_repay:UniswapV3Pool-WBTC-USDC:fee_500:1
flash_repay:BalancerVault:0","0


1

1
0","BalancerVault:token_out
LLAMMA:token_in
LLAMMA:token_out
UniswapSwap:token_out
CurveSwap:token_in
UniswapSwap:token_in
BalancerVault:token_in
wbtc
wbtc
crvusd
wbtc
crvusd
usdc
wbtc"
15,1,0x3b15fe43a29cd327f6a6da0c46bb4a8a506d08cc0bba2b51f83a54af9f20d187,"BalancerVault:token_out
PancakeSwap:token_out
PancakeSwap:token_in
CurveSwap:token_in
CurveSwap:token_out
LLAMMA:token_in
LLAMMA:token_out
UniswapSwap:token_out
UniswapSwap:token_in
UniswapSwap:token_out
UniswapSwap:token_in
BalancerVault:token_in","BalancerVault
PancakeV3Pool-WETH-USDC
PancakeV3Pool-WETH-USDC
CurveStableSwap-crvUSD-USDC
CurveStableSwap-crvUSD-USDC
LLAMMA-WBTC-crvUSD
LLAMMA-WBTC-crvUSD
UniswapV3Pool-WBTC-WETH:fee_500
UniswapV3Pool-WBTC-WETH:fee_500
UniswapV3Pool-WETH-USDC:fee_500
UniswapV3Pool-WETH-USDC:fee_500
BalancerVault","usdc
weth
usdc
usdc
crvusd
crvusd
wbtc
weth
wbtc
usdc
weth
usdc","flash_borrow:BalancerVault:0
PancakeSwap:1
PancakeSwap:1
CurveSwap:1
CurveSwap:1
LLAMMA:1
LLAMMA:1
UniswapSwap:1
UniswapSwap:1
UniswapSwap:2
UniswapSwap:2
flash_repay:BalancerVault:0","0










0","BalancerVault:token_out
PancakeSwap:token_out
PancakeSwap:token_in
CurveSwap:token_in
CurveSwap:token_out
LLAMMA:token_in
LLAMMA:token_out
UniswapSwap:token_out
UniswapSwap:token_in
UniswapSwap:token_out
UniswapSwap:token_in
BalancerVault:token_in
usdc
weth
usdc
usdc
crvusd
crvusd
wbtc
weth
wbtc
usdc
weth
usdc"
16,1,0xb3a63d887d0f9ecb300b6885ecee30aa773784c69bc3c02311d9d441eb173856,"BalancerVault:token_out
PancakeSwap:token_out
PancakeSwap:token_in
UniswapSwap:token_out
UniswapSwap:token_in
LLAMMA:token_in
LLAMMA:token_out
CurveSwap:token_in
CurveSwap:token_out
UniswapSwap:token_out
UniswapSwap:token_in
BalancerVault:token_in","BalancerVault
PancakeV3Pool-WETH-USDC
PancakeV3Pool-WETH-USDC
UniswapV3Pool-WBTC-WETH:fee_500
UniswapV3Pool-WBTC-WETH:fee_500
LLAMMA-WBTC-crvUSD
LLAMMA-WBTC-crvUSD
CurveStableSwap-crvUSD-USDC
CurveStableSwap-crvUSD-USDC
UniswapV3Pool-WETH-USDC:fee_500
UniswapV3Pool-WETH-USDC:fee_500
BalancerVault","weth
usdc
weth
wbtc
weth
wbtc
crvusd
crvusd
usdc
weth
usdc
weth","flash_borrow:BalancerVault:0
PancakeSwap:1
PancakeSwap:1
UniswapSwap:1
UniswapSwap:1
LLAMMA:1
LLAMMA:1
CurveSwap:1
CurveSwap:1
UniswapSwap:2
UniswapSwap:2
flash_repay:BalancerVault:0","0










0","BalancerVault:token_out
PancakeSwap:token_out
PancakeSwap:token_in
UniswapSwap:token_out
UniswapSwap:token_in
LLAMMA:token_in
LLAMMA:token_out
CurveSwap:token_in
CurveSwap:token_out
UniswapSwap:token_out
UniswapSwap:token_in
BalancerVault:token_in
weth
usdc
weth
wbtc
weth
wbtc
crvusd
crvusd
usdc
weth
usdc
weth"
17,1,0xd93349dfa8bed711fdc992d518fd80cc0bcc9deaeabbe9538c1cd6acfa46ba58,"BalancerVault:token_out
UniswapSwap:token_out
UniswapSwap:token_in
CurveSwap:token_in
CurveSwap:token_out
LLAMMA:token_in
LLAMMA:token_out
BalancerVault:token_in","BalancerVault
UniswapV3Pool-WBTC-USDC:fee_500
UniswapV3Pool-WBTC-USDC:fee_500
CurveStableSwap-crvUSD-USDC
CurveStableSwap-crvUSD-USDC
LLAMMA-WBTC-crvUSD
LLAMMA-WBTC-crvUSD
BalancerVault","wbtc
usdc
wbtc
usdc
crvusd
crvusd
wbtc
wbtc","flash_borrow:BalancerVault:0
UniswapSwap:1
UniswapSwap:1
CurveSwap:1
CurveSwap:1
LLAMMA:1
LLAMMA:1
flash_repay:BalancerVault:0","0






0","BalancerVault:token_out
UniswapSwap:token_out
UniswapSwap:token_in
CurveSwap:token_in
CurveSwap:token_out
LLAMMA:token_in
LLAMMA:token_out
BalancerVault:token_in
wbtc
usdc
wbtc
usdc
crvusd
crvusd
wbtc
wbtc"
18,1,0x003c93a3a651736bf75247f329ace6232bd32f68f794c9763430ffbb97fb76ed,"BalancerVault:token_out
UniswapSwap:token_out
UniswapSwap:token_in
CurveSwap:token_in
CurveSwap:token_out
LLAMMA:token_in
LLAMMA:token_out
UniswapSwap:token_out
UniswapSwap:token_in
BalancerVault:token_in","BalancerVault
UniswapV3Pool-WETH-USDT:fee_500
UniswapV3Pool-WETH-USDT:fee_500
CurveStableSwap-crvUSD-USDT
CurveStableSwap-crvUSD-USDT
LLAMMA-WBTC-crvUSD
LLAMMA-WBTC-crvUSD
UniswapV3Pool-WBTC-WETH:fee_500
UniswapV3Pool-WBTC-WETH:fee_500
BalancerVault","weth
usdt
weth
usdt
crvusd
crvusd
wbtc
weth
wbtc
weth","flash_borrow:BalancerVault:0
UniswapSwap:1
UniswapSwap:1
CurveSwap:1
CurveSwap:1
LLAMMA:1
LLAMMA:1
UniswapSwap:2
UniswapSwap:2
flash_repay:BalancerVault:0","0








0","BalancerVault:token_out
UniswapSwap:token_out
UniswapSwap:token_in
CurveSwap:token_in
CurveSwap:token_out
LLAMMA:token_in
LLAMMA:token_out
UniswapSwap:token_out
UniswapSwap:token_in
BalancerVault:token_in
weth
usdt
weth
usdt
crvusd
crvusd
wbtc
weth
wbtc
weth"
20,1,0xae9a9d196d7728118e2e47b434bc2e9a3215af6a07808cff1e80181c278d1680,"BalancerVault:token_out
UniswapSwap:token_out
UniswapSwap:token_in
LLAMMA:token_in
LLAMMA:token_out
CurveSwap:token_in
CurveSwap:token_out
CurveSwap:token_in
CurveSwap:token_out
CurveMetaPool_Swap:token_out
CurveSwap:token_out
PancakeSwap:token_out
PancakeSwap:token_in
LLAMMA:token_in
LLAMMA:token_out
CurveSwap:token_in
CurveSwap:token_out
BalancerVault:token_in","BalancerVault
UniswapV3Pool-WETH-USDC:fee_500
UniswapV3Pool-WETH-USDC:fee_500
LLAMMA-WETH-crvUSD
LLAMMA-WETH-crvUSD
CurveStableSwap-crvUSD-USDP
CurveStableSwap-crvUSD-USDP
CurveStableSwap-USDP-3POOL
CurveStableSwap-USDP-3POOL
Curve3Pool-DAI-USDC-USDT
CurveStableSwap-USDP-3POOL
CurveStableSwap-USDP-3POOL
PancakeV3Pool-WETH-WBTC
PancakeV3Pool-WETH-WBTC
LLAMMA-WBTC-crvUSD
LLAMMA-WBTC-crvUSD
CurveStableSwap-crvUSD-USDC
CurveStableSwap-crvUSD-USDC
BalancerVault","usdc
weth
usdc
weth
crvusd
crvusd
usdp
usdp
3crv
usdc
usdc
wbtc
weth
wbtc
crvusd
crvusd
usdc
usdc","flash_borrow:BalancerVault:0
UniswapSwap:1
UniswapSwap:1
LLAMMA:1
LLAMMA:1
CurveSwap:1
CurveSwap:1
CurveSwap:2
CurveSwap:2
CurveMetaPool_Swap:1
CurveSwap:3
PancakeSwap:1
PancakeSwap:1
LLAMMA:2
LLAMMA:2
CurveSwap:4
CurveSwap:4
flash_repay:BalancerVault:0","0
















0","BalancerVault:token_out
UniswapSwap:token_out
UniswapSwap:token_in
LLAMMA:token_in
LLAMMA:token_out
CurveSwap:token_in
CurveSwap:token_out
CurveSwap:token_in
CurveSwap:token_out
CurveMetaPool_Swap:token_out
CurveSwap:token_out
PancakeSwap:token_out
PancakeSwap:token_in
LLAMMA:token_in
LLAMMA:token_out
CurveSwap:token_in
CurveSwap:token_out
BalancerVault:token_in
usdc
weth
usdc
weth
crvusd
crvusd
usdp
usdp
3crv
usdc
usdc
wbtc
weth
wbtc
crvusd
crvusd
usdc
usdc"
21,1,0x97f077c3bcacc2832cc0c1629ced0dcc9ffaf97eb14f81966818e85575901405,"BalancerVault:token_out
UniswapSwap:token_out
UniswapSwap:token_in
LLAMMA:token_in
LLAMMA:token_out
CurveSwap:token_in
CurveSwap:token_out
UniswapSwap:token_out
UniswapSwap:token_in
BalancerVault:token_in","BalancerVault
UniswapV3Pool-WBTC-WETH:fee_500
UniswapV3Pool-WBTC-WETH:fee_500
LLAMMA-WBTC-crvUSD
LLAMMA-WBTC-crvUSD
CurveStableSwap-crvUSD-USDP
CurveStableSwap-crvUSD-USDP
UniswapV3Pool-WETH-USDC:fee_500
UniswapV3Pool-WETH-USDC:fee_500
BalancerVault","weth
wbtc
weth
wbtc
crvusd
crvusd
usdp
weth
usdc
weth","flash_borrow:BalancerVault:0
UniswapSwap:1
UniswapSwap:1
LLAMMA:1
LLAMMA:1
CurveSwap:1
CurveSwap:1
UniswapSwap:2
UniswapSwap:2
flash_repay:BalancerVault:0","0








0","BalancerVault:token_out
UniswapSwap:token_out
UniswapSwap:token_in
LLAMMA:token_in
LLAMMA:token_out
CurveSwap:token_in
CurveSwap:token_out
UniswapSwap:token_out
UniswapSwap:token_in
BalancerVault:token_in
weth
wbtc
weth
wbtc
crvusd
crvusd
usdp
weth
usdc
weth"
22,1,0x9fe0b8bc77d527418197be430d6e2fca0fb9b14fed6aa9acd30e6f521cc9dcb6,"BalancerVault:token_out
UniswapSwap:token_out
UniswapSwap:token_in
UniswapSwap:token_out
UniswapSwap:token_in
CurveSwap:token_in
CurveSwap:token_out
LLAMMA:token_in
LLAMMA:token_out
BalancerVault:token_in","BalancerVault
UniswapV3Pool-WBTC-WETH:fee_500
UniswapV3Pool-WBTC-WETH:fee_500
UniswapV3Pool-WETH-USDT:fee_500
UniswapV3Pool-WETH-USDT:fee_500
CurveStableSwap-crvUSD-USDT
CurveStableSwap-crvUSD-USDT
LLAMMA-WBTC-crvUSD
LLAMMA-WBTC-crvUSD
BalancerVault","wbtc
weth
wbtc
usdt
weth
usdt
crvusd
crvusd
wbtc
wbtc","flash_borrow:BalancerVault:0
UniswapSwap:1
UniswapSwap:1
UniswapSwap:2
UniswapSwap:2
CurveSwap:1
CurveSwap:1
LLAMMA:1
LLAMMA:1
flash_repay:BalancerVault:0","0








0","BalancerVault:token_out
UniswapSwap:token_out
UniswapSwap:token_in
UniswapSwap:token_out
UniswapSwap:token_in
CurveSwap:token_in
CurveSwap:token_out
LLAMMA:token_in
LLAMMA:token_out
BalancerVault:token_in
wbtc
weth
wbtc
usdt
weth
usdt
crvusd
crvusd
wbtc
wbtc"
24,1,0x3f6e9b42dba837a9b8682aee7f2c2ce95d34d680c5b3f60bb9518362e9777ca8,"CurveSwap:token_in
CurveSwap:token_out
LLAMMA:token_in
LLAMMA:token_out","CurveStableSwap-crvUSD-TUSD
CurveStableSwap-crvUSD-TUSD
LLAMMA-WBTC-crvUSD
LLAMMA-WBTC-crvUSD","tusd
crvusd
crvusd
wbtc","CurveSwap:1
CurveSwap:1
LLAMMA:1
LLAMMA:1","


","CurveSwap:token_in
CurveSwap:token_out
LLAMMA:token_in
LLAMMA:token_out
tusd
crvusd
crvusd
wbtc"
26,1,0x63e262e32ce2eb5adf834ce29e68bd652b4d138c4b715763e72577714f222bba,"CurveSwap:token_in
CurveSwap:token_out
LLAMMA:token_in
LLAMMA:token_out","CurveStableSwap-crvUSD-USDP
CurveStableSwap-crvUSD-USDP
LLAMMA-WBTC-crvUSD
LLAMMA-WBTC-crvUSD","usdp
crvusd
crvusd
wbtc","CurveSwap:1
CurveSwap:1
LLAMMA:1
LLAMMA:1","


","CurveSwap:token_in
CurveSwap:token_out
LLAMMA:token_in
LLAMMA:token_out
usdp
crvusd
crvusd
wbtc"
28,1,0x0b9bd1e97b2bf4f1f4d68647ff73709e824e5d2f989ec6baf647c9caf234d107,"CurveSwap:token_in
CurveSwap:token_out
LLAMMA:token_in
LLAMMA:token_out
CurveSwap:token_in
CurveSwap:token_out","CurveStableSwap-crvUSD-USDC
CurveStableSwap-crvUSD-USDC
LLAMMA-WBTC-crvUSD
LLAMMA-WBTC-crvUSD
CurveTriCryptoNG-WBTC-USDC
CurveTriCryptoNG-WBTC-USDC","usdc
crvusd
crvusd
wbtc
wbtc
usdc","CurveSwap:1
CurveSwap:1
LLAMMA:1
LLAMMA:1
CurveSwap:2
CurveSwap:2","




","CurveSwap:token_in
CurveSwap:token_out
LLAMMA:token_in
LLAMMA:token_out
CurveSwap:token_in
CurveSwap:token_out
usdc
crvusd
crvusd
wbtc
wbtc
usdc"
30,1,0x568f4a99ca19ffa4965d45c54104451b8568d64b3a4abe1680a90b1b3c52d1ec,"CurveSwap:token_in
CurveSwap:token_out
LLAMMA:token_in
LLAMMA:token_out
CurveSwap:token_in
CurveSwap:token_out","CurveStableSwap-crvUSD-USDT
CurveStableSwap-crvUSD-USDT
LLAMMA-WBTC-crvUSD
LLAMMA-WBTC-crvUSD
CurveTriCrypto-WBTC-ETH-USDT
CurveTriCrypto-WBTC-ETH-USDT","usdt
crvusd
crvusd
wbtc
usdt
wbtc","CurveSwap:1
CurveSwap:1
LLAMMA:1
LLAMMA:1
CurveSwap:2
CurveSwap:2","




","CurveSwap:token_in
CurveSwap:token_out
LLAMMA:token_in
LLAMMA:token_out
CurveSwap:token_in
CurveSwap:token_out
usdt
crvusd
crvusd
wbtc
usdt
wbtc"
31,1,0xce1ca11d8210e628ed06a6255da3ea43d498e2e7257b86775bc0b2543d1e11e7,"CurveSwap:token_in
CurveSwap:token_out
LLAMMA:token_in
LLAMMA:token_out
MaverickSwap:token_out
MaverickSwap:token_in
WETH_withdraw:eth_out
WETH_withdraw:weth_in","CurveStableSwap-crvUSD-TUSD
CurveStableSwap-crvUSD-TUSD
LLAMMA-WBTC-crvUSD
LLAMMA-WBTC-crvUSD
MaverickPool-WBTC-WETH:fee_400
MaverickPool-WBTC-WETH:fee_400

","tusd
crvusd
crvusd
wbtc
weth
wbtc
eth
weth","CurveSwap:1
CurveSwap:1
LLAMMA:1
LLAMMA:1
MaverickSwap:1
MaverickSwap:1
WETH_withdraw:1
WETH_withdraw:1","






","CurveSwap:token_in
CurveSwap:token_out
LLAMMA:token_in
LLAMMA:token_out
MaverickSwap:token_out
MaverickSwap:token_in
WETH_withdraw:eth_out
WETH_withdraw:weth_in
tusd
crvusd
crvusd
wbtc
weth
wbtc
eth
weth"
32,1,0x5b7e3233f7c3aaac69df03e08fb9a0ce459310cd5a5b2c93a49537a10bb45bc4,"CurveSwap:token_in
CurveSwap:token_out
LLAMMA:token_in
LLAMMA:token_out
MaverickSwap:token_out
MaverickSwap:token_in
WETH_withdraw:eth_out
WETH_withdraw:weth_in","CurveStableSwap-crvUSD-USDT
CurveStableSwap-crvUSD-USDT
LLAMMA-WBTC-crvUSD
LLAMMA-WBTC-crvUSD
MaverickPool-WBTC-WETH:fee_400
MaverickPool-WBTC-WETH:fee_400

","usdt
crvusd
crvusd
wbtc
weth
wbtc
eth
weth","CurveSwap:1
CurveSwap:1
LLAMMA:1
LLAMMA:1
MaverickSwap:1
MaverickSwap:1
WETH_withdraw:1
WETH_withdraw:1","






","CurveSwap:token_in
CurveSwap:token_out
LLAMMA:token_in
LLAMMA:token_out
MaverickSwap:token_out
MaverickSwap:token_in
WETH_withdraw:eth_out
WETH_withdraw:weth_in
usdt
crvusd
crvusd
wbtc
weth
wbtc
eth
weth"
33,1,0x35194bfab4a0d18c1b69387f8c1ca34610258249f878f93b0b6b29c0509ffefc,"CurveSwap:token_in
CurveSwap:token_out
LLAMMA:token_in
LLAMMA:token_out
PancakeSwap:token_out
PancakeSwap:token_in
WETH_withdraw:eth_out
WETH_withdraw:weth_in","CurveStableSwap-crvUSD-USDC
CurveStableSwap-crvUSD-USDC
LLAMMA-WBTC-crvUSD
LLAMMA-WBTC-crvUSD
PancakeV3Pool-WETH-WBTC
PancakeV3Pool-WETH-WBTC

","usdc
crvusd
crvusd
wbtc
weth
wbtc
eth
weth","CurveSwap:1
CurveSwap:1
LLAMMA:1
LLAMMA:1
PancakeSwap:1
PancakeSwap:1
WETH_withdraw:1
WETH_withdraw:1","






","CurveSwap:token_in
CurveSwap:token_out
LLAMMA:token_in
LLAMMA:token_out
PancakeSwap:token_out
PancakeSwap:token_in
WETH_withdraw:eth_out
WETH_withdraw:weth_in
usdc
crvusd
crvusd
wbtc
weth
wbtc
eth
weth"
34,1,0x95a8a9a7312da2863e664d12e451c7b6a06b9eec9433c0b699d4bbba44990aa7,"CurveSwap:token_in
CurveSwap:token_out
LLAMMA:token_in
LLAMMA:token_out
PancakeSwap:token_out
PancakeSwap:token_in
WETH_withdraw:eth_out
WETH_withdraw:weth_in","CurveStableSwap-crvUSD-USDT
CurveStableSwap-crvUSD-USDT
LLAMMA-WBTC-crvUSD
LLAMMA-WBTC-crvUSD
PancakeV3Pool-WETH-WBTC
PancakeV3Pool-WETH-WBTC

","usdt
crvusd
crvusd
wbtc
weth
wbtc
eth
weth","CurveSwap:1
CurveSwap:1
LLAMMA:1
LLAMMA:1
PancakeSwap:1
PancakeSwap:1
WETH_withdraw:1
WETH_withdraw:1","






","CurveSwap:token_in
CurveSwap:token_out
LLAMMA:token_in
LLAMMA:token_out
PancakeSwap:token_out
PancakeSwap:token_in
WETH_withdraw:eth_out
WETH_withdraw:weth_in
usdt
crvusd
crvusd
wbtc
weth
wbtc
eth
weth"
36,1,0x5041e75828835c99fef3fb7d4aba3a0a6aa7723a25934ea49e90a02b0a661a17,"CurveSwap:token_in
CurveSwap:token_out
LLAMMA:token_in
LLAMMA:token_out
UniswapSwap:token_out
UniswapSwap:token_in
PancakeSwap:token_out
PancakeSwap:token_in
WETH_withdraw:eth_out
WETH_withdraw:weth_in","CurveStableSwap-crvUSD-USDT
CurveStableSwap-crvUSD-USDT
LLAMMA-WBTC-crvUSD
LLAMMA-WBTC-crvUSD
UniswapV3Pool-WBTC-WETH:fee_500
UniswapV3Pool-WBTC-WETH:fee_500
PancakeV3Pool-WETH-USDT
PancakeV3Pool-WETH-USDT

","usdt
crvusd
crvusd
wbtc
weth
wbtc
weth
usdt
eth
weth","CurveSwap:1
CurveSwap:1
LLAMMA:1
LLAMMA:1
UniswapSwap:1
UniswapSwap:1
PancakeSwap:1
PancakeSwap:1
WETH_withdraw:1
WETH_withdraw:1","








","CurveSwap:token_in
CurveSwap:token_out
LLAMMA:token_in
LLAMMA:token_out
UniswapSwap:token_out
UniswapSwap:token_in
PancakeSwap:token_out
PancakeSwap:token_in
WETH_withdraw:eth_out
WETH_withdraw:weth_in
usdt
crvusd
crvusd
wbtc
weth
wbtc
weth
usdt
eth
weth"
37,1,0x333c0d8a7065db1a35a43b1b2e3360808e7abe81cb47ae68ae0166736a2975f9,"CurveSwap:token_in
CurveSwap:token_out
LLAMMA:token_in
LLAMMA:token_out
UniswapSwap:token_out
UniswapSwap:token_in
UniswapSwap:token_out
UniswapSwap:token_in","CurveStableSwap-crvUSD-USDC
CurveStableSwap-crvUSD-USDC
LLAMMA-WBTC-crvUSD
LLAMMA-WBTC-crvUSD
UniswapV3Pool-WETH-USDC:fee_500
UniswapV3Pool-WETH-USDC:fee_500
UniswapV3Pool-WBTC-WETH:fee_500
UniswapV3Pool-WBTC-WETH:fee_500","usdc
crvusd
crvusd
wbtc
weth
usdc
wbtc
weth","CurveSwap:1
CurveSwap:1
LLAMMA:1
LLAMMA:1
UniswapSwap:1
UniswapSwap:1
UniswapSwap:2
UniswapSwap:2","






","CurveSwap:token_in
CurveSwap:token_out
LLAMMA:token_in
LLAMMA:token_out
UniswapSwap:token_out
UniswapSwap:token_in
UniswapSwap:token_out
UniswapSwap:token_in
usdc
crvusd
crvusd
wbtc
weth
usdc
wbtc
weth"
38,1,0x9f9ef80f0cbd77e28a93f8eb197ddd13810123456491878aab3fc9828917f595,"CurveSwap:token_in
CurveSwap:token_out
LLAMMA:token_in
LLAMMA:token_out
UniswapSwap:token_out
UniswapSwap:token_in
UniswapSwap:token_out
UniswapSwap:token_in","CurveStableSwap-crvUSD-USDT
CurveStableSwap-crvUSD-USDT
LLAMMA-WBTC-crvUSD
LLAMMA-WBTC-crvUSD
UniswapV3Pool-WETH-USDT:fee_500
UniswapV3Pool-WETH-USDT:fee_500
UniswapV3Pool-WBTC-WETH:fee_500
UniswapV3Pool-WBTC-WETH:fee_500","usdt
crvusd
crvusd
wbtc
weth
usdt
wbtc
weth","CurveSwap:1
CurveSwap:1
LLAMMA:1
LLAMMA:1
UniswapSwap:1
UniswapSwap:1
UniswapSwap:2
UniswapSwap:2","






","CurveSwap:token_in
CurveSwap:token_out
LLAMMA:token_in
LLAMMA:token_out
UniswapSwap:token_out
UniswapSwap:token_in
UniswapSwap:token_out
UniswapSwap:token_in
usdt
crvusd
crvusd
wbtc
weth
usdt
wbtc
weth"
43,1,0x936a78984d8358dd599df7e83db9ffafee1269349b4e85f6d05745bfd7768dbd,"CurveSwap:token_in
CurveSwap:token_out
LLAMMA:token_in
LLAMMA:token_out
WETH_withdraw:eth_out
WETH_withdraw:weth_in
MaverickSwap:token_out
MaverickSwap:token_in
MaverickSwap:token_out
MaverickSwap:token_in
WETH_withdraw:eth_out
WETH_withdraw:weth_in","CurveStableSwap-crvUSD-USDT
CurveStableSwap-crvUSD-USDT
LLAMMA-WBTC-crvUSD
LLAMMA-WBTC-crvUSD


MaverickPool-USDT-USDC:fee_100
MaverickPool-USDT-USDC:fee_100
MaverickPool-WETH-USDC:fee_400
MaverickPool-WETH-USDC:fee_400

","usdt
crvusd
crvusd
wbtc
eth
weth
usdc
usdt
weth
usdc
eth
weth","CurveSwap:1
CurveSwap:1
LLAMMA:1
LLAMMA:1
WETH_withdraw:1
WETH_withdraw:1
MaverickSwap:1
MaverickSwap:1
MaverickSwap:1
MaverickSwap:1
WETH_withdraw:2
WETH_withdraw:2","










","CurveSwap:token_in
CurveSwap:token_out
LLAMMA:token_in
LLAMMA:token_out
WETH_withdraw:eth_out
WETH_withdraw:weth_in
MaverickSwap:token_out
MaverickSwap:token_in
MaverickSwap:token_out
MaverickSwap:token_in
WETH_withdraw:eth_out
WETH_withdraw:weth_in
usdt
crvusd
crvusd
wbtc
eth
weth
usdc
usdt
weth
usdc
eth
weth"
45,1,0x22655703c81a1fa517b1407f9d6b47607e18eba15768e6575d5c00edc5825b47,"CurveSwap:token_in
CurveSwap:token_out
UniswapSwap:token_out
UniswapSwap:token_in
CurveSwap:token_in
CurveSwap:token_out
LLAMMA:token_in
LLAMMA:token_out
CurveSwap:token_in
CurveSwap:token_out","CurveStableSwap-crv-ycrv
CurveStableSwap-crv-ycrv
UniswapV3Pool-WBTC-BADGER:fee_3000
UniswapV3Pool-WBTC-BADGER:fee_3000
CurveTriCrypto-WBTC-BADGER
CurveTriCrypto-WBTC-BADGER
LLAMMA-WBTC-crvUSD
LLAMMA-WBTC-crvUSD
CurveStableSwap-crvUSD-USDC
CurveStableSwap-crvUSD-USDC","crv
ycrv
wbtc
badger
badger
wbtc
wbtc
crvusd
crvusd
usdc","CurveSwap:1
CurveSwap:1
UniswapSwap:1
UniswapSwap:1
CurveSwap:2
CurveSwap:2
LLAMMA:1
LLAMMA:1
CurveSwap:3
CurveSwap:3","








","CurveSwap:token_in
CurveSwap:token_out
UniswapSwap:token_out
UniswapSwap:token_in
CurveSwap:token_in
CurveSwap:token_out
LLAMMA:token_in
LLAMMA:token_out
CurveSwap:token_in
CurveSwap:token_out
crv
ycrv
wbtc
badger
badger
wbtc
wbtc
crvusd
crvusd
usdc"
46,1,0x9b3904535af693ebc63f9324632a621a3ceea36c3d4fb47fc8bb56bd08e768a6,"CurveSwap:token_in
CurveSwapWETH_Withdraw:eth_in
CurveSwapWETH_Withdraw:weth_out
CurveSwap:token_out
CurveSwap:token_in
CurveSwap:token_out
LLAMMA:token_in
LLAMMA:token_out
UniswapSwap:token_out
UniswapSwap:token_in","CurveTriCryptoNG-WBTC-USDC
CurveTriCryptoNG-WBTC-USDC
CurveTriCryptoNG-WBTC-USDC
CurveTriCryptoNG-WBTC-USDC
CurveStableSwap-crvUSD-USDC
CurveStableSwap-crvUSD-USDC
LLAMMA-WBTC-crvUSD
LLAMMA-WBTC-crvUSD
UniswapV3Pool-WBTC-WETH:fee_500
UniswapV3Pool-WBTC-WETH:fee_500","weth
eth
weth
usdc
usdc
crvusd
crvusd
wbtc
weth
wbtc","CurveSwap:1
CurveSwap:1
CurveSwapWETH_Withdraw:1
CurveSwap:1
CurveSwapWETH_Withdraw:1
CurveSwap:1
CurveSwap:3
CurveSwap:3
LLAMMA:1
LLAMMA:1
UniswapSwap:1
UniswapSwap:1","








","CurveSwap:token_in
CurveSwapWETH_Withdraw:eth_in
CurveSwapWETH_Withdraw:weth_out
CurveSwap:token_out
CurveSwap:token_in
CurveSwap:token_out
LLAMMA:token_in
LLAMMA:token_out
UniswapSwap:token_out
UniswapSwap:token_in
weth
eth
weth
usdc
usdc
crvusd
crvusd
wbtc
weth
wbtc"
47,1,0xfa1f35af097eace0960dc1d70188200c11cacd3b1f68a4ff915551020ec7ab90,"CurveSwap:token_in
CurveSwapWETH_Withdraw:eth_in
CurveSwapWETH_Withdraw:weth_out
CurveSwap:token_out
LLAMMA:token_in
LLAMMA:token_out
CurveSwap:token_in
CurveSwap:token_out","CurveTriCryptoNG-WBTC-USDC
CurveTriCryptoNG-WBTC-USDC
CurveTriCryptoNG-WBTC-USDC
CurveTriCryptoNG-WBTC-USDC
LLAMMA-WBTC-crvUSD
LLAMMA-WBTC-crvUSD
CurveStableSwap-crvUSD-USDC
CurveStableSwap-crvUSD-USDC","weth
eth
weth
wbtc
wbtc
crvusd
crvusd
usdc","CurveSwap:1
CurveSwap:1
CurveSwapWETH_Withdraw:1
CurveSwap:1
CurveSwapWETH_Withdraw:1
CurveSwap:1
LLAMMA:1
LLAMMA:1
CurveSwap:3
CurveSwap:3","






","CurveSwap:token_in
CurveSwapWETH_Withdraw:eth_in
CurveSwapWETH_Withdraw:weth_out
CurveSwap:token_out
LLAMMA:token_in
LLAMMA:token_out
CurveSwap:token_in
CurveSwap:token_out
weth
eth
weth
wbtc
wbtc
crvusd
crvusd
usdc"
54,1,0xf93015c00c22c62683bbbad5612b5b2813e0a1012010d59764e11882a4806da0,"LLAMMA:token_in
LLAMMA:token_out
CurveSwap:token_in
CurveSwap:token_out
BalancerVault:token_in
BalancerVault:token_out","LLAMMA-WBTC-crvUSD
LLAMMA-WBTC-crvUSD
CurveStableSwap-crvUSD-USDC
CurveStableSwap-crvUSD-USDC
BalancerVault
BalancerVault","wbtc
crvusd
crvusd
usdc
usdc
stg","LLAMMA:1
LLAMMA:1
CurveSwap:1
CurveSwap:1
BalancerVault:1
BalancerVault:1","




","LLAMMA:token_in
LLAMMA:token_out
CurveSwap:token_in
CurveSwap:token_out
BalancerVault:token_in
BalancerVault:token_out
wbtc
crvusd
crvusd
usdc
usdc
stg"
55,1,0x4725c08e124595a52672a7a457107e35d9e4a383870111524149a155c5f3f3fa,"LLAMMA:token_in
LLAMMA:token_out
CurveSwap:token_in
CurveSwap:token_out
CurveSwap:token_in
CurveSwap:token_out","LLAMMA-WBTC-crvUSD
LLAMMA-WBTC-crvUSD
CurveStableSwap-crvUSD-USDT
CurveStableSwap-crvUSD-USDT
CurveTriCrypto-USDT-WBTC-WETH
CurveTriCrypto-USDT-WBTC-WETH","wbtc
crvusd
crvusd
usdt
usdt
wbtc","LLAMMA:1
LLAMMA:1
CurveSwap:1
CurveSwap:1
CurveSwap:2
CurveSwap:2","




","LLAMMA:token_in
LLAMMA:token_out
CurveSwap:token_in
CurveSwap:token_out
CurveSwap:token_in
CurveSwap:token_out
wbtc
crvusd
crvusd
usdt
usdt
wbtc"
56,1,0xd4c094fd3bcc4276839d33d72c95e0124cac09175c8e275670a4c3b51a1c1770,"LLAMMA:token_in
LLAMMA:token_out
CurveSwap:token_in
CurveSwap:token_out
CurveSwap:token_in
CurveSwap:token_out","LLAMMA-WBTC-crvUSD
LLAMMA-WBTC-crvUSD
CurveStableSwap-crvUSD-USDT
CurveStableSwap-crvUSD-USDT
CurveTriCrypto-WBTC-ETH-USDT
CurveTriCrypto-WBTC-ETH-USDT","wbtc
crvusd
crvusd
usdt
wbtc
usdt","LLAMMA:1
LLAMMA:1
CurveSwap:1
CurveSwap:1
CurveSwap:2
CurveSwap:2","




","LLAMMA:token_in
LLAMMA:token_out
CurveSwap:token_in
CurveSwap:token_out
CurveSwap:token_in
CurveSwap:token_out
wbtc
crvusd
crvusd
usdt
wbtc
usdt"
58,1,0x3534a14812c1e0469d923d98ef52b3cc4f03e5314901a91ff233ccd59c6564d3,"LLAMMA:token_in
LLAMMA:token_out
CurveSwap:token_in
CurveSwap:token_out
MaverickSwap:token_out
MaverickSwap:token_in
UniswapSwap:token_out
UniswapSwap:token_in","LLAMMA-WBTC-crvUSD
LLAMMA-WBTC-crvUSD
CurveStableSwap-crvUSD-USDC
CurveStableSwap-crvUSD-USDC
MaverickPool-DAI-USDC:fee_500
MaverickPool-DAI-USDC:fee_500
UniswapV3Pool-WBTC-USDC:fee_500
UniswapV3Pool-WBTC-USDC:fee_500","wbtc
crvusd
crvusd
usdc
dai
usdc
usdc
wbtc","LLAMMA:1
LLAMMA:1
CurveSwap:1
CurveSwap:1
MaverickSwap:1
MaverickSwap:1
UniswapSwap:1
UniswapSwap:1","






","LLAMMA:token_in
LLAMMA:token_out
CurveSwap:token_in
CurveSwap:token_out
MaverickSwap:token_out
MaverickSwap:token_in
UniswapSwap:token_out
UniswapSwap:token_in
wbtc
crvusd
crvusd
usdc
dai
usdc
usdc
wbtc"
59,1,0x6f16fc5c5f8afc56d7cbe976bf32ee15cc3590ac34294c694d0f5edd19c77e99,"LLAMMA:token_in
LLAMMA:token_out
CurveSwap:token_in
CurveSwap:token_out
PancakeSwap:token_out
PancakeSwap:token_in
UniswapSwap:token_out
UniswapSwap:token_in
WETH_withdraw:eth_out
WETH_withdraw:weth_in
WETH_withdraw:eth_out
WETH_withdraw:weth_in","LLAMMA-WBTC-crvUSD
LLAMMA-WBTC-crvUSD
CurveStableSwap-crvUSD-USDT
CurveStableSwap-crvUSD-USDT
PancakeV3Pool-WETH-USDT
PancakeV3Pool-WETH-USDT
UniswapV3Pool-WETH-USDT:fee_500
UniswapV3Pool-WETH-USDT:fee_500



","wbtc
crvusd
crvusd
usdt
weth
usdt
weth
usdt
eth
weth
eth
weth","LLAMMA:1
LLAMMA:1
CurveSwap:1
CurveSwap:1
PancakeSwap:1
PancakeSwap:1
UniswapSwap:1
UniswapSwap:1
WETH_withdraw:1
WETH_withdraw:1
WETH_withdraw:2
WETH_withdraw:2","










","LLAMMA:token_in
LLAMMA:token_out
CurveSwap:token_in
CurveSwap:token_out
PancakeSwap:token_out
PancakeSwap:token_in
UniswapSwap:token_out
UniswapSwap:token_in
WETH_withdraw:eth_out
WETH_withdraw:weth_in
WETH_withdraw:eth_out
WETH_withdraw:weth_in
wbtc
crvusd
crvusd
usdt
weth
usdt
weth
usdt
eth
weth
eth
weth"
60,1,0x3cc363c7b8cf650db9ac82b8252fb853eedebbb5a63740f4a22a5d7a57899244,"LLAMMA:token_in
LLAMMA:token_out
CurveSwap:token_in
CurveSwap:token_out
UniswapSwap:token_out
UniswapSwap:token_in
UniswapSwap:token_out
UniswapSwap:token_in","LLAMMA-WBTC-crvUSD
LLAMMA-WBTC-crvUSD
CurveStableSwap-crvUSD-USDC
CurveStableSwap-crvUSD-USDC
UniswapV3Pool-WETH-USDC:fee_500
UniswapV3Pool-WETH-USDC:fee_500
UniswapV3Pool-WBTC-WETH:fee_500
UniswapV3Pool-WBTC-WETH:fee_500","crvusd
wbtc
crvusd
usdc
weth
usdc
wbtc
weth","LLAMMA:1
LLAMMA:1
CurveSwap:1
CurveSwap:1
UniswapSwap:1
UniswapSwap:1
UniswapSwap:2
UniswapSwap:2","






","LLAMMA:token_in
LLAMMA:token_out
CurveSwap:token_in
CurveSwap:token_out
UniswapSwap:token_out
UniswapSwap:token_in
UniswapSwap:token_out
UniswapSwap:token_in
crvusd
wbtc
crvusd
usdc
weth
usdc
wbtc
weth"
61,1,0x68f3b8b27a274e2bd2a8c74aa2a17cb4483fe778886bb96743720c698e9f8861,"LLAMMA:token_in
LLAMMA:token_out
CurveSwap:token_in
CurveSwap:token_out
WETH_withdraw:eth_out
WETH_withdraw:weth_in
UniswapSwap:token_out
UniswapSwap:token_in
WETH_withdraw:eth_out
WETH_withdraw:weth_in","LLAMMA-WBTC-crvUSD
LLAMMA-WBTC-crvUSD
CurveStableSwap-crvUSD-USDT
CurveStableSwap-crvUSD-USDT


UniswapV3Pool-WBTC-USDC:fee_500
UniswapV3Pool-WBTC-USDC:fee_500

","wbtc
crvusd
crvusd
usdt
eth
weth
usdc
wbtc
eth
weth","LLAMMA:1
LLAMMA:1
CurveSwap:1
CurveSwap:1
WETH_withdraw:1
WETH_withdraw:1
UniswapSwap:1
UniswapSwap:1
WETH_withdraw:2
WETH_withdraw:2","








","LLAMMA:token_in
LLAMMA:token_out
CurveSwap:token_in
CurveSwap:token_out
WETH_withdraw:eth_out
WETH_withdraw:weth_in
UniswapSwap:token_out
UniswapSwap:token_in
WETH_withdraw:eth_out
WETH_withdraw:weth_in
wbtc
crvusd
crvusd
usdt
eth
weth
usdc
wbtc
eth
weth"
62,1,0x0f149db02e888acc54608d25383a2f8936196fc4068cd78ef3d2d869a8321ae4,"LLAMMA:token_in
LLAMMA:token_out
MaverickSwap:token_out
MaverickSwap:token_in","LLAMMA-WBTC-crvUSD
LLAMMA-WBTC-crvUSD
MaverickPool-WBTC-WETH:fee_400
MaverickPool-WBTC-WETH:fee_400","crvusd
wbtc
weth
wbtc","LLAMMA:1
LLAMMA:1
MaverickSwap:1
MaverickSwap:1","


","LLAMMA:token_in
LLAMMA:token_out
MaverickSwap:token_out
MaverickSwap:token_in
crvusd
wbtc
weth
wbtc"
63,1,0xaec7f3a7a0d56bdc5ba4a99228f488c7bd822d6e08d0ad3542d5c7a622173b4a,"LLAMMA:token_in
LLAMMA:token_out
MaverickSwap:token_out
MaverickSwap:token_in
WETH_withdraw:eth_out
WETH_withdraw:weth_in","LLAMMA-WBTC-crvUSD
LLAMMA-WBTC-crvUSD
MaverickPool-WBTC-WETH:fee_400
MaverickPool-WBTC-WETH:fee_400

","crvusd
wbtc
weth
wbtc
eth
weth","LLAMMA:1
LLAMMA:1
MaverickSwap:1
MaverickSwap:1
WETH_withdraw:1
WETH_withdraw:1","




","LLAMMA:token_in
LLAMMA:token_out
MaverickSwap:token_out
MaverickSwap:token_in
WETH_withdraw:eth_out
WETH_withdraw:weth_in
crvusd
wbtc
weth
wbtc
eth
weth"
64,1,0xbfe36f75623f70427e15c74929d1d427c1e3d406d57b98f8e701ac4f8e32ebbb,"LLAMMA:token_in
LLAMMA:token_out
WETH_withdraw:eth_out
WETH_withdraw:weth_in","LLAMMA-WBTC-crvUSD
LLAMMA-WBTC-crvUSD

","crvusd
wbtc
eth
weth","LLAMMA:1
LLAMMA:1
WETH_withdraw:2
WETH_withdraw:2","


","LLAMMA:token_in
LLAMMA:token_out
WETH_withdraw:eth_out
WETH_withdraw:weth_in
crvusd
wbtc
eth
weth"
65,1,0xc1bc5fe54faef4da4e3513ebc98dc23df276cddb4cce8dd8b2d5bda68a9dee82,"MaverickSwap:token_out
MaverickSwap:token_in
CurveSwap:token_in
CurveSwap:token_out
LLAMMA:token_in
LLAMMA:token_out","MaverickPool-DAI-USDC:fee_500
MaverickPool-DAI-USDC:fee_500
CurveStableSwap-crvUSD-USDC
CurveStableSwap-crvUSD-USDC
LLAMMA-WBTC-crvUSD
LLAMMA-WBTC-crvUSD","usdc
dai
usdc
crvusd
crvusd
wbtc","MaverickSwap:1
MaverickSwap:1
CurveSwap:1
CurveSwap:1
LLAMMA:1
LLAMMA:1","




","MaverickSwap:token_out
MaverickSwap:token_in
CurveSwap:token_in
CurveSwap:token_out
LLAMMA:token_in
LLAMMA:token_out
usdc
dai
usdc
crvusd
crvusd
wbtc"
67,1,0x7ad799fc8f3c89cd42b0cf252f9da16469e5e9c0a896c7c4f32e9267b23207b9,"PancakeSwap:token_out
LLAMMA:token_in
LLAMMA:token_out
CurveSwap:token_in
CurveSwap:token_out
UniswapSwap:token_out
PancakeSwap:token_in
UniswapSwap:token_in","PancakeV3Pool-WETH-WBTC
LLAMMA-WBTC-crvUSD
LLAMMA-WBTC-crvUSD
CurveStableSwap-crvUSD-USDT
CurveStableSwap-crvUSD-USDT
UniswapV3Pool-WETH-USDT:fee_500
PancakeV3Pool-WETH-WBTC
UniswapV3Pool-WETH-USDT:fee_500","wbtc
wbtc
crvusd
crvusd
usdt
weth
weth
usdt","flash_borrow:PancakeV3Pool-WETH-WBTC:0
LLAMMA:1
LLAMMA:1
CurveSwap:1
CurveSwap:1
flash_borrow:UniswapV3Pool-WETH-USDT:fee_500:1
flash_repay:PancakeV3Pool-WETH-WBTC:0
flash_repay:UniswapV3Pool-WETH-USDT:fee_500:1","0




1
0
1","PancakeSwap:token_out
LLAMMA:token_in
LLAMMA:token_out
CurveSwap:token_in
CurveSwap:token_out
UniswapSwap:token_out
PancakeSwap:token_in
UniswapSwap:token_in
wbtc
wbtc
crvusd
crvusd
usdt
weth
weth
usdt"
68,1,0x7e4a9dfabe773f18c2278588a854e2d707442dd530915387a7165fdbbef9e4dd,"PancakeSwap:token_out
PancakeSwap:token_in
CurveSwap:token_in
CurveSwap:token_out
LLAMMA:token_in
LLAMMA:token_out
UniswapSwap:token_out
UniswapSwap:token_in
WETH_withdraw:eth_out
WETH_withdraw:weth_in","PancakeV3Pool-WETH-USDT
PancakeV3Pool-WETH-USDT
CurveStableSwap-crvUSD-USDT
CurveStableSwap-crvUSD-USDT
LLAMMA-WBTC-crvUSD
LLAMMA-WBTC-crvUSD
UniswapV3Pool-WBTC-WETH:fee_500
UniswapV3Pool-WBTC-WETH:fee_500

","weth
usdt
usdt
crvusd
crvusd
wbtc
weth
wbtc
eth
weth","PancakeSwap:1
PancakeSwap:1
CurveSwap:1
CurveSwap:1
LLAMMA:1
LLAMMA:1
UniswapSwap:1
UniswapSwap:1
WETH_withdraw:1
WETH_withdraw:1","








","PancakeSwap:token_out
PancakeSwap:token_in
CurveSwap:token_in
CurveSwap:token_out
LLAMMA:token_in
LLAMMA:token_out
UniswapSwap:token_out
UniswapSwap:token_in
WETH_withdraw:eth_out
WETH_withdraw:weth_in
weth
usdt
usdt
crvusd
crvusd
wbtc
weth
wbtc
eth
weth"
72,1,0x3f68577ef96902316aa1a727b70b5fbb9153fa2be330e374c67e0eafb172f966,"UniswapSwap:token_out
CurveSwap:token_in
CurveSwap:token_out
LLAMMA:token_in
LLAMMA:token_out
PancakeSwap:token_out
UniswapSwap:token_in
PancakeSwap:token_in","UniswapV3Pool-WETH-USDC:fee_500
CurveStableSwap-crvUSD-USDC
CurveStableSwap-crvUSD-USDC
LLAMMA-WBTC-crvUSD
LLAMMA-WBTC-crvUSD
PancakeV3Pool-WETH-WBTC
UniswapV3Pool-WETH-USDC:fee_500
PancakeV3Pool-WETH-WBTC","usdc
usdc
crvusd
crvusd
wbtc
weth
weth
wbtc","flash_borrow:UniswapV3Pool-WETH-USDC:fee_500:0
CurveSwap:1
CurveSwap:1
LLAMMA:1
LLAMMA:1
flash_borrow:PancakeV3Pool-WETH-WBTC:1
flash_repay:UniswapV3Pool-WETH-USDC:fee_500:0
flash_repay:PancakeV3Pool-WETH-WBTC:1","0




1
0
1","UniswapSwap:token_out
CurveSwap:token_in
CurveSwap:token_out
LLAMMA:token_in
LLAMMA:token_out
PancakeSwap:token_out
UniswapSwap:token_in
PancakeSwap:token_in
usdc
usdc
crvusd
crvusd
wbtc
weth
weth
wbtc"
73,1,0x7cd04901a220a522a08244244a4eb228862fd50913a0bcc05c3177b57c454e56,"UniswapSwap:token_out
CurveSwap:token_in
CurveSwap:token_out
LLAMMA:token_in
LLAMMA:token_out
UniswapSwap:token_in","UniswapV3Pool-WBTC-BADGER:fee_3000
CurveStableSwap-BADGER-crvFRAX
CurveStableSwap-BADGER-crvFRAX
LLAMMA-WBTC-crvUSD
LLAMMA-WBTC-crvUSD
UniswapV3Pool-WBTC-BADGER:fee_3000","badger
badger
crvfrax
crvusd
wbtc
wbtc","flash_borrow:UniswapV3Pool-WBTC-BADGER:fee_3000:0
CurveSwap:1
CurveSwap:1
LLAMMA:1
LLAMMA:1
flash_repay:UniswapV3Pool-WBTC-BADGER:fee_3000:0","0




0","UniswapSwap:token_out
CurveSwap:token_in
CurveSwap:token_out
LLAMMA:token_in
LLAMMA:token_out
UniswapSwap:token_in
badger
badger
crvfrax
crvusd
wbtc
wbtc"
75,1,0xe6b70c95efea0c524e583e3e670ba3d4efb647f00745bfecb026d80e7689a851,"UniswapSwap:token_out
CurveSwap:token_in
CurveSwap:token_out
LLAMMA:token_in
LLAMMA:token_out
UniswapSwap:token_in","UniswapV3Pool-WBTC-USDC:fee_3000
CurveStableSwap-crvUSD-USDT
CurveStableSwap-crvUSD-USDT
LLAMMA-WBTC-crvUSD
LLAMMA-WBTC-crvUSD
UniswapV3Pool-WBTC-USDC:fee_3000","usdt
usdt
crvusd
crvusd
wbtc
wbtc","UniswapSwap:1
CurveSwap:1
CurveSwap:1
LLAMMA:1
LLAMMA:1
UniswapSwap:2","




","UniswapSwap:token_out
CurveSwap:token_in
CurveSwap:token_out
LLAMMA:token_in
LLAMMA:token_out
UniswapSwap:token_in
usdt
usdt
crvusd
crvusd
wbtc
wbtc"
76,1,0x3113c066a86b67e77c4e7e7d0361f719ae5f9034df2ac9308e94b69b50724a44,"UniswapSwap:token_out
CurveSwap:token_in
CurveSwap:token_out
LLAMMA:token_in
LLAMMA:token_out
UniswapSwap:token_out
UniswapSwap:token_in
UniswapSwap:token_in","UniswapV3Pool-WETH-USDC:fee_500
CurveStableSwap-crvUSD-USDC
CurveStableSwap-crvUSD-USDC
LLAMMA-WBTC-crvUSD
LLAMMA-WBTC-crvUSD
UniswapV3Pool-WBTC-WETH:fee_500
UniswapV3Pool-WBTC-WETH:fee_500
UniswapV3Pool-WETH-USDC:fee_500","usdc
usdc
crvusd
crvusd
wbtc
weth
wbtc
weth","flash_borrow:UniswapV3Pool-WETH-USDC:fee_500:0
CurveSwap:1
CurveSwap:1
LLAMMA:1
LLAMMA:1
UniswapSwap:2
UniswapSwap:2
flash_repay:UniswapV3Pool-WETH-USDC:fee_500:0","0






0","UniswapSwap:token_out
CurveSwap:token_in
CurveSwap:token_out
LLAMMA:token_in
LLAMMA:token_out
UniswapSwap:token_out
UniswapSwap:token_in
UniswapSwap:token_in
usdc
usdc
crvusd
crvusd
wbtc
weth
wbtc
weth"
78,1,0xda957e78f3347d9111bce789ef17f4cc0045d9b18f3c3567f7b71cb80f6d4562,"UniswapSwap:token_out
CurveSwap:token_in
CurveSwap:token_out
LLAMMA:token_in
LLAMMA:token_out
UniswapSwap:token_out
UniswapSwap:token_in
UniswapSwap:token_in","UniswapV3Pool-WETH-USDT:fee_500
CurveStableSwap-crvUSD-USDT
CurveStableSwap-crvUSD-USDT
LLAMMA-WBTC-crvUSD
LLAMMA-WBTC-crvUSD
UniswapV3Pool-WBTC-WETH:fee_500
UniswapV3Pool-WBTC-WETH:fee_500
UniswapV3Pool-WETH-USDT:fee_500","usdt
usdt
crvusd
crvusd
wbtc
weth
wbtc
weth","flash_borrow:UniswapV3Pool-WETH-USDT:fee_500:0
CurveSwap:1
CurveSwap:1
LLAMMA:1
LLAMMA:1
UniswapSwap:2
UniswapSwap:2
flash_repay:UniswapV3Pool-WETH-USDT:fee_500:0","0






0","UniswapSwap:token_out
CurveSwap:token_in
CurveSwap:token_out
LLAMMA:token_in
LLAMMA:token_out
UniswapSwap:token_out
UniswapSwap:token_in
UniswapSwap:token_in
usdt
usdt
crvusd
crvusd
wbtc
weth
wbtc
weth"
80,1,0xf38757332561abc1a1c148bdf31b67c918d97061e4116ef76f81062c733be7ad,"UniswapSwap:token_out
LLAMMA:token_in
LLAMMA:token_out
CurveSwap:token_in
CurveSwap:token_out
CurveSwap:token_in
CurveSwapWETH_Deposit:eth_out
CurveSwapWETH_Deposit:weth_in
CurveSwap:token_out
UniswapSwap:token_in","UniswapV3Pool-WBTC-WETH:fee_500
LLAMMA-WBTC-crvUSD
LLAMMA-WBTC-crvUSD
CurveStableSwap-crvUSD-USDC
CurveStableSwap-crvUSD-USDC
CurveTriCryptoNG-WBTC-USDC
CurveTriCryptoNG-WBTC-USDC
CurveTriCryptoNG-WBTC-USDC
CurveTriCryptoNG-WBTC-USDC
UniswapV3Pool-WBTC-WETH:fee_500","wbtc
wbtc
crvusd
crvusd
usdc
usdc
eth
weth
weth
weth","flash_borrow:UniswapV3Pool-WBTC-WETH:fee_500:0
LLAMMA:1
LLAMMA:1
CurveSwap:1
CurveSwap:1
CurveSwap:2
CurveSwap:2
CurveSwapWETH_Deposit:1
CurveSwap:2
CurveSwapWETH_Deposit:1
CurveSwap:2
flash_repay:UniswapV3Pool-WBTC-WETH:fee_500:0","0








0","UniswapSwap:token_out
LLAMMA:token_in
LLAMMA:token_out
CurveSwap:token_in
CurveSwap:token_out
CurveSwap:token_in
CurveSwapWETH_Deposit:eth_out
CurveSwapWETH_Deposit:weth_in
CurveSwap:token_out
UniswapSwap:token_in
wbtc
wbtc
crvusd
crvusd
usdc
usdc
eth
weth
weth
weth"
81,1,0x98729011eee39dc08189b0047fbb896990162b6ea60f7342c9fdc0ab54e44b5d,"UniswapSwap:token_out
LLAMMA:token_in
LLAMMA:token_out
CurveSwap:token_in
CurveSwap:token_out
CurveSwap:token_in
CurveSwapWETH_Deposit:eth_out
CurveSwapWETH_Deposit:weth_in
CurveSwap:token_out
UniswapSwap:token_in","UniswapV3Pool-WBTC-WETH:fee_500
LLAMMA-WBTC-crvUSD
LLAMMA-WBTC-crvUSD
CurveStableSwap-crvUSD-USDT
CurveStableSwap-crvUSD-USDT
CurveTriCryptoNG-WBTC-ETH-USDT
CurveTriCryptoNG-WBTC-ETH-USDT
CurveTriCryptoNG-WBTC-ETH-USDT
CurveTriCryptoNG-WBTC-ETH-USDT
UniswapV3Pool-WBTC-WETH:fee_500","wbtc
wbtc
crvusd
crvusd
usdt
usdt
eth
weth
weth
weth","flash_borrow:UniswapV3Pool-WBTC-WETH:fee_500:0
LLAMMA:1
LLAMMA:1
CurveSwap:1
CurveSwap:1
CurveSwap:2
CurveSwap:2
CurveSwapWETH_Deposit:1
CurveSwap:2
CurveSwapWETH_Deposit:1
CurveSwap:2
flash_repay:UniswapV3Pool-WBTC-WETH:fee_500:0","0








0","UniswapSwap:token_out
LLAMMA:token_in
LLAMMA:token_out
CurveSwap:token_in
CurveSwap:token_out
CurveSwap:token_in
CurveSwapWETH_Deposit:eth_out
CurveSwapWETH_Deposit:weth_in
CurveSwap:token_out
UniswapSwap:token_in
wbtc
wbtc
crvusd
crvusd
usdt
usdt
eth
weth
weth
weth"
82,1,0x12300a61f40d9cfaf309009db970d030396c477f58db21a60f74e91aef7b7241,"UniswapSwap:token_out
LLAMMA:token_in
LLAMMA:token_out
CurveSwap:token_in
CurveSwap:token_out
PancakeSwap:token_out
PancakeSwap:token_in
UniswapSwap:token_in","UniswapV3Pool-WBTC-WETH:fee_500
LLAMMA-WBTC-crvUSD
LLAMMA-WBTC-crvUSD
CurveStableSwap-crvUSD-USDC
CurveStableSwap-crvUSD-USDC
PancakeV3Pool-WETH-USDC
PancakeV3Pool-WETH-USDC
UniswapV3Pool-WBTC-WETH:fee_500","wbtc
wbtc
crvusd
crvusd
usdc
weth
usdc
weth","flash_borrow:UniswapV3Pool-WBTC-WETH:fee_500:0
LLAMMA:1
LLAMMA:1
CurveSwap:1
CurveSwap:1
PancakeSwap:1
PancakeSwap:1
flash_repay:UniswapV3Pool-WBTC-WETH:fee_500:0","0






0","UniswapSwap:token_out
LLAMMA:token_in
LLAMMA:token_out
CurveSwap:token_in
CurveSwap:token_out
PancakeSwap:token_out
PancakeSwap:token_in
UniswapSwap:token_in
wbtc
wbtc
crvusd
crvusd
usdc
weth
usdc
weth"
83,1,0xf9cd4bf923ff3b5bd5dfe8d7b3fce6c26b6eba17ef0f53ef9a47f2de14741c99,"UniswapSwap:token_out
LLAMMA:token_in
LLAMMA:token_out
CurveSwap:token_in
CurveSwap:token_out
PancakeSwap:token_out
UniswapSwap:token_in
PancakeSwap:token_in","UniswapV3Pool-WBTC-WETH:fee_500
LLAMMA-WBTC-crvUSD
LLAMMA-WBTC-crvUSD
CurveStableSwap-crvUSD-USDT
CurveStableSwap-crvUSD-USDT
PancakeV3Pool-WETH-USDT
UniswapV3Pool-WBTC-WETH:fee_500
PancakeV3Pool-WETH-USDT","wbtc
wbtc
crvusd
crvusd
usdt
weth
weth
usdt","flash_borrow:UniswapV3Pool-WBTC-WETH:fee_500:0
LLAMMA:1
LLAMMA:1
CurveSwap:1
CurveSwap:1
flash_borrow:PancakeV3Pool-WETH-USDT:1
flash_repay:UniswapV3Pool-WBTC-WETH:fee_500:0
flash_repay:PancakeV3Pool-WETH-USDT:1","0




1
0
1","UniswapSwap:token_out
LLAMMA:token_in
LLAMMA:token_out
CurveSwap:token_in
CurveSwap:token_out
PancakeSwap:token_out
UniswapSwap:token_in
PancakeSwap:token_in
wbtc
wbtc
crvusd
crvusd
usdt
weth
weth
usdt"
88,1,0xfa37e2190daab663fbf02d0c02fadc49a2107b774fb577dfe8452e7e642fc5b8,"UniswapSwap:token_out
LLAMMA:token_in
LLAMMA:token_out
CurveSwap:token_in
CurveSwap:token_out
UniswapSwap:token_out
UniswapSwap:token_in
UniswapSwap:token_in","UniswapV3Pool-WBTC-WETH:fee_500
LLAMMA-WBTC-crvUSD
LLAMMA-WBTC-crvUSD
CurveStableSwap-crvUSD-USDT
CurveStableSwap-crvUSD-USDT
UniswapV3Pool-WETH-USDT:fee_500
UniswapV3Pool-WETH-USDT:fee_500
UniswapV3Pool-WBTC-WETH:fee_500","wbtc
wbtc
crvusd
crvusd
usdt
weth
usdt
weth","flash_borrow:UniswapV3Pool-WBTC-WETH:fee_500:0
LLAMMA:1
LLAMMA:1
CurveSwap:1
CurveSwap:1
UniswapSwap:2
UniswapSwap:2
flash_repay:UniswapV3Pool-WBTC-WETH:fee_500:0","0






0","UniswapSwap:token_out
LLAMMA:token_in
LLAMMA:token_out
CurveSwap:token_in
CurveSwap:token_out
UniswapSwap:token_out
UniswapSwap:token_in
UniswapSwap:token_in
wbtc
wbtc
crvusd
crvusd
usdt
weth
usdt
weth"
90,1,0x6904f3acdf4dab2a30c672b9e79e84021b68f6705c0530eb87c9eb2d64a88fed,"UniswapSwap:token_out
LLAMMA:token_in
LLAMMA:token_out
CurveSwap:token_in
CurveSwap:token_out
UniswapSwap:token_out
UniswapSwap:token_in
WETH_withdraw:eth_out
WETH_withdraw:weth_in
UniswapSwap:token_in","UniswapV3Pool-WBTC-WETH:fee_500
LLAMMA-WBTC-crvUSD
LLAMMA-WBTC-crvUSD
CurveStableSwap-crvUSD-USDT
CurveStableSwap-crvUSD-USDT
UniswapV3Pool-WETH-USDT:fee_500
UniswapV3Pool-WETH-USDT:fee_500


UniswapV3Pool-WBTC-WETH:fee_500","wbtc
wbtc
crvusd
crvusd
usdt
weth
usdt
eth
weth
weth","flash_borrow:UniswapV3Pool-WBTC-WETH:fee_500:0
LLAMMA:1
LLAMMA:1
CurveSwap:1
CurveSwap:1
UniswapSwap:2
UniswapSwap:2
WETH_withdraw:1
WETH_withdraw:1
flash_repay:UniswapV3Pool-WBTC-WETH:fee_500:0","0








0","UniswapSwap:token_out
LLAMMA:token_in
LLAMMA:token_out
CurveSwap:token_in
CurveSwap:token_out
UniswapSwap:token_out
UniswapSwap:token_in
WETH_withdraw:eth_out
WETH_withdraw:weth_in
UniswapSwap:token_in
wbtc
wbtc
crvusd
crvusd
usdt
weth
usdt
eth
weth
weth"
91,1,0x4dbe00f5156cf8c4e2d8f480bbbcee05a3f228a4008993d0b695d3e2ac154910,"UniswapSwap:token_out
LLAMMA:token_in
LLAMMA:token_out
UniswapSwap:token_in","UniswapV3Pool-WBTC-USDC:fee_500
LLAMMA-WBTC-crvUSD
LLAMMA-WBTC-crvUSD
UniswapV3Pool-WBTC-USDC:fee_500","usdc
crvusd
wbtc
wbtc","flash_borrow:UniswapV3Pool-WBTC-USDC:fee_500:0
LLAMMA:1
LLAMMA:1
flash_repay:UniswapV3Pool-WBTC-USDC:fee_500:0","0


0","UniswapSwap:token_out
LLAMMA:token_in
LLAMMA:token_out
UniswapSwap:token_in
usdc
crvusd
wbtc
wbtc"
92,1,0x7421dc413d61850a7c5a25f51af301965ed59c013ca6c46911abcdcb024889a3,"UniswapSwap:token_out
UniswapSwap:token_in
CurveSwap:token_in
CurveSwap:token_out
LLAMMA:token_in
LLAMMA:token_out","UniswapV3Pool-WBTC-USDC:fee_500
UniswapV3Pool-WBTC-USDC:fee_500
CurveStableSwap-crvUSD-USDC
CurveStableSwap-crvUSD-USDC
LLAMMA-WBTC-crvUSD
LLAMMA-WBTC-crvUSD","wbtc
usdc
usdc
crvusd
crvusd
wbtc","UniswapSwap:1
UniswapSwap:1
CurveSwap:1
CurveSwap:1
LLAMMA:1
LLAMMA:1","




","UniswapSwap:token_out
UniswapSwap:token_in
CurveSwap:token_in
CurveSwap:token_out
LLAMMA:token_in
LLAMMA:token_out
wbtc
usdc
usdc
crvusd
crvusd
wbtc"
93,1,0x215973365fe778ac2d0f4c5f0ad828115192176cda47f1512476728973328025,"UniswapSwap:token_out
UniswapSwap:token_in
CurveSwap:token_in
CurveSwap:token_out
LLAMMA:token_in
LLAMMA:token_out
UniswapSwap:token_out
UniswapSwap:token_in
WETH_withdraw:eth_out
WETH_withdraw:weth_in","UniswapV3Pool-WETH-USDT:fee_500
UniswapV3Pool-WETH-USDT:fee_500
CurveStableSwap-crvUSD-USDT
CurveStableSwap-crvUSD-USDT
LLAMMA-WBTC-crvUSD
LLAMMA-WBTC-crvUSD
UniswapV3Pool-WBTC-WETH:fee_500
UniswapV3Pool-WBTC-WETH:fee_500

","weth
usdt
usdt
crvusd
crvusd
wbtc
weth
wbtc
eth
weth","UniswapSwap:1
UniswapSwap:1
CurveSwap:1
CurveSwap:1
LLAMMA:1
LLAMMA:1
UniswapSwap:2
UniswapSwap:2
WETH_withdraw:1
WETH_withdraw:1","








","UniswapSwap:token_out
UniswapSwap:token_in
CurveSwap:token_in
CurveSwap:token_out
LLAMMA:token_in
LLAMMA:token_out
UniswapSwap:token_out
UniswapSwap:token_in
WETH_withdraw:eth_out
WETH_withdraw:weth_in
weth
usdt
usdt
crvusd
crvusd
wbtc
weth
wbtc
eth
weth"
94,1,0x929cea28f67698dfa8aa765255dab6df136a0bee207c446c7cb12cc50296a3ae,"UniswapSwap:token_out
UniswapSwap:token_in
CurveSwap:token_in
CurveSwap:token_out
UniswapSwap:token_out
LLAMMA:token_in
LLAMMA:token_out
UniswapSwap:token_in","UniswapV3Pool-WETH-USDC:fee_500
UniswapV3Pool-WETH-USDC:fee_500
CurveStableSwap-crvUSD-USDC
CurveStableSwap-crvUSD-USDC
UniswapV3Pool-WBTC-WETH:fee_3000
LLAMMA-WBTC-crvUSD
LLAMMA-WBTC-crvUSD
UniswapV3Pool-WBTC-WETH:fee_3000","usdc
weth
usdc
crvusd
weth
crvusd
wbtc
wbtc","UniswapSwap:1
UniswapSwap:1
CurveSwap:1
CurveSwap:1
flash_borrow:UniswapV3Pool-WBTC-WETH:fee_3000:0
LLAMMA:1
LLAMMA:1
flash_repay:UniswapV3Pool-WBTC-WETH:fee_3000:0","



0


0","UniswapSwap:token_out
UniswapSwap:token_in
CurveSwap:token_in
CurveSwap:token_out
UniswapSwap:token_out
LLAMMA:token_in
LLAMMA:token_out
UniswapSwap:token_in
usdc
weth
usdc
crvusd
weth
crvusd
wbtc
wbtc"
95,1,0x32909eb78eb301fe1da374fe921aa918826454f7c666c954ba35b5de6c5328d9,"UniswapSwap:token_out
UniswapSwap:token_in
LLAMMA:token_in
LLAMMA:token_out","UniswapV3Pool-WBTC-USDC:fee_500
UniswapV3Pool-WBTC-USDC:fee_500
LLAMMA-WBTC-crvUSD
LLAMMA-WBTC-crvUSD","wbtc
usdc
wbtc
crvusd","UniswapSwap:1
UniswapSwap:1
LLAMMA:1
LLAMMA:1","


","UniswapSwap:token_out
UniswapSwap:token_in
LLAMMA:token_in
LLAMMA:token_out
wbtc
usdc
wbtc
crvusd"
97,1,0x974cb14d18f9b419474974958851b63a21f34c257609170cd8c3b3f5c7bff94e,"UniswapSwap:token_out
UniswapSwap:token_in
LLAMMA:token_in
LLAMMA:token_out
CurveSwap:token_in
CurveSwap:token_out","UniswapV3Pool-WBTC-AUSD:fee_10000
UniswapV3Pool-WBTC-AUSD:fee_10000
LLAMMA-WBTC-crvUSD
LLAMMA-WBTC-crvUSD
CurveStableSwap-crvUSD-USDT
CurveStableSwap-crvUSD-USDT","wbtc
ausd
wbtc
crvusd
crvusd
usdt","UniswapSwap:1
UniswapSwap:1
LLAMMA:1
LLAMMA:1
CurveSwap:1
CurveSwap:1","




","UniswapSwap:token_out
UniswapSwap:token_in
LLAMMA:token_in
LLAMMA:token_out
CurveSwap:token_in
CurveSwap:token_out
wbtc
ausd
wbtc
crvusd
crvusd
usdt"
98,1,0xfb2536ca4a62c6d731200f9adbf258a8ae996cd8097f7d1a7188ccbffeb6e5c4,"UniswapSwap:token_out
UniswapSwap:token_in
LLAMMA:token_in
LLAMMA:token_out
CurveSwap:token_in
CurveSwap:token_out","UniswapV3Pool-WBTC-USDC:fee_500
UniswapV3Pool-WBTC-USDC:fee_500
LLAMMA-WBTC-crvUSD
LLAMMA-WBTC-crvUSD
CurveStableSwap-crvUSD-USDC
CurveStableSwap-crvUSD-USDC","wbtc
usdc
wbtc
crvusd
crvusd
usdc","UniswapSwap:1
UniswapSwap:1
LLAMMA:1
LLAMMA:1
CurveSwap:1
CurveSwap:1","




","UniswapSwap:token_out
UniswapSwap:token_in
LLAMMA:token_in
LLAMMA:token_out
CurveSwap:token_in
CurveSwap:token_out
wbtc
usdc
wbtc
crvusd
crvusd
usdc"
99,1,0x047cf8ea620cd6919a362d92e6412d9d1634d388d6ce241328fb97fef33561d5,"UniswapSwap:token_out
UniswapSwap:token_in
LLAMMA:token_in
LLAMMA:token_out
CurveSwap:token_in
CurveSwap:token_out","UniswapV3Pool-WBTC-WETH:fee_500
UniswapV3Pool-WBTC-WETH:fee_500
LLAMMA-WBTC-crvUSD
LLAMMA-WBTC-crvUSD
CurveStableSwap-crvUSD-USDT
CurveStableSwap-crvUSD-USDT","wbtc
weth
wbtc
crvusd
crvusd
usdt","UniswapSwap:1
UniswapSwap:1
LLAMMA:1
LLAMMA:1
CurveSwap:1
CurveSwap:1","




","UniswapSwap:token_out
UniswapSwap:token_in
LLAMMA:token_in
LLAMMA:token_out
CurveSwap:token_in
CurveSwap:token_out
wbtc
weth
wbtc
crvusd
crvusd
usdt"
101,1,0x9b34bc8a91aee4a72b889bbc5d3f07481eae7a1a0b0d2f442fe5f8e67f6cb89a,"UniswapSwap:token_out
UniswapSwap:token_out
LLAMMA:token_in
LLAMMA:token_out
CurveSwap:token_in
CurveSwap:token_out
UniswapSwap:token_in
UniswapSwap:token_in","UniswapV3Pool-WETH-USDT:fee_500
UniswapV3Pool-WBTC-WETH:fee_500
LLAMMA-WBTC-crvUSD
LLAMMA-WBTC-crvUSD
CurveStableSwap-crvUSD-USDT
CurveStableSwap-crvUSD-USDT
UniswapV3Pool-WBTC-WETH:fee_500
UniswapV3Pool-WETH-USDT:fee_500","weth
wbtc
wbtc
crvusd
crvusd
usdt
weth
usdt","flash_borrow:UniswapV3Pool-WETH-USDT:fee_500:0
flash_borrow:UniswapV3Pool-WBTC-WETH:fee_500:1
LLAMMA:1
LLAMMA:1
CurveSwap:1
CurveSwap:1
flash_repay:UniswapV3Pool-WBTC-WETH:fee_500:1
flash_repay:UniswapV3Pool-WETH-USDT:fee_500:0","0
1




1
0","UniswapSwap:token_out
UniswapSwap:token_out
LLAMMA:token_in
LLAMMA:token_out
CurveSwap:token_in
CurveSwap:token_out
UniswapSwap:token_in
UniswapSwap:token_in
weth
wbtc
wbtc
crvusd
crvusd
usdt
weth
usdt"
102,1,0xd5cf6b5399fc67e6c04f1c815e8da63eb6da47a3d681dea5289ae3a13c91e838,"WETH_deposit:eth_in
WETH_deposit:weth_out
CurveSwap:token_in
CurveSwap:token_out
LLAMMA:token_in
LLAMMA:token_out","

CurveStableSwap-crvUSD-USDT
CurveStableSwap-crvUSD-USDT
LLAMMA-WBTC-crvUSD
LLAMMA-WBTC-crvUSD","eth
weth
usdt
crvusd
crvusd
wbtc","WETH_deposit:1
WETH_deposit:1
CurveSwap:1
CurveSwap:1
LLAMMA:1
LLAMMA:1","




","WETH_deposit:eth_in
WETH_deposit:weth_out
CurveSwap:token_in
CurveSwap:token_out
LLAMMA:token_in
LLAMMA:token_out
eth
weth
usdt
crvusd
crvusd
wbtc"
105,1,0xa3a6d9d1267d3d0552411061b00973354904178dd7a2b8f4fabe7034f4c7964d,"WETH_deposit:eth_in
WETH_deposit:weth_out
MaverickSwap:token_out
MaverickSwap:token_in
LLAMMA:token_in
LLAMMA:token_out
CurveSwap:token_in
CurveSwap:token_out","

MaverickPool-WBTC-WETH:fee_400
MaverickPool-WBTC-WETH:fee_400
LLAMMA-WBTC-crvUSD
LLAMMA-WBTC-crvUSD
CurveStableSwap-crvUSD-TUSD
CurveStableSwap-crvUSD-TUSD","eth
weth
wbtc
weth
wbtc
crvusd
crvusd
tusd","WETH_deposit:1
WETH_deposit:1
MaverickSwap:1
MaverickSwap:1
LLAMMA:1
LLAMMA:1
CurveSwap:1
CurveSwap:1","






","WETH_deposit:eth_in
WETH_deposit:weth_out
MaverickSwap:token_out
MaverickSwap:token_in
LLAMMA:token_in
LLAMMA:token_out
CurveSwap:token_in
CurveSwap:token_out
eth
weth
wbtc
weth
wbtc
crvusd
crvusd
tusd"
107,1,0x9879806dc34d3c40df73085ca390b3b301c083d64ead3b79decd19f4373db21a,"WETH_deposit:eth_in
WETH_deposit:weth_out
MaverickSwap:token_out
MaverickSwap:token_in
WETH_deposit:eth_in
WETH_deposit:weth_out
UniswapSwap:token_out
UniswapSwap:token_in
WETH_deposit:eth_in
WETH_deposit:weth_out
UniswapSwap:token_out
UniswapSwap:token_in
LLAMMA:token_in
LLAMMA:token_out
CurveSwap:token_in
CurveSwap:token_out","

MaverickPool-WETH-USDC:fee_400
MaverickPool-WETH-USDC:fee_400


UniswapV3Pool-WETH-USDC:fee_500
UniswapV3Pool-WETH-USDC:fee_500


UniswapV3Pool-WBTC-WETH:fee_500
UniswapV3Pool-WBTC-WETH:fee_500
LLAMMA-WBTC-crvUSD
LLAMMA-WBTC-crvUSD
CurveStableSwap-crvUSD-USDT
CurveStableSwap-crvUSD-USDT","eth
weth
usdc
weth
eth
weth
usdc
weth
eth
weth
wbtc
weth
wbtc
crvusd
crvusd
usdt","WETH_deposit:1
WETH_deposit:1
MaverickSwap:1
MaverickSwap:1
WETH_deposit:2
WETH_deposit:2
UniswapSwap:1
UniswapSwap:1
WETH_deposit:3
WETH_deposit:3
UniswapSwap:2
UniswapSwap:2
LLAMMA:1
LLAMMA:1
CurveSwap:1
CurveSwap:1","














","WETH_deposit:eth_in
WETH_deposit:weth_out
MaverickSwap:token_out
MaverickSwap:token_in
WETH_deposit:eth_in
WETH_deposit:weth_out
UniswapSwap:token_out
UniswapSwap:token_in
WETH_deposit:eth_in
WETH_deposit:weth_out
UniswapSwap:token_out
UniswapSwap:token_in
LLAMMA:token_in
LLAMMA:token_out
CurveSwap:token_in
CurveSwap:token_out
eth
weth
usdc
weth
eth
weth
usdc
weth
eth
weth
wbtc
weth
wbtc
crvusd
crvusd
usdt"
108,1,0x6ddb602bb339733e523b6fe7b0a3f154083fb075f5f1d1deafacb7b7d72bb237,"WETH_deposit:eth_in
WETH_deposit:weth_out
PancakeSwap:token_out
PancakeSwap:token_in
LLAMMA:token_in
LLAMMA:token_out
CurveSwap:token_in
CurveSwap:token_out","

PancakeV3Pool-WETH-WBTC
PancakeV3Pool-WETH-WBTC
LLAMMA-WBTC-crvUSD
LLAMMA-WBTC-crvUSD
CurveStableSwap-crvUSD-USDT
CurveStableSwap-crvUSD-USDT","eth
weth
wbtc
weth
wbtc
crvusd
crvusd
usdt","WETH_deposit:1
WETH_deposit:1
PancakeSwap:1
PancakeSwap:1
LLAMMA:1
LLAMMA:1
CurveSwap:1
CurveSwap:1","






","WETH_deposit:eth_in
WETH_deposit:weth_out
PancakeSwap:token_out
PancakeSwap:token_in
LLAMMA:token_in
LLAMMA:token_out
CurveSwap:token_in
CurveSwap:token_out
eth
weth
wbtc
weth
wbtc
crvusd
crvusd
usdt"
109,1,0x4887cc518fedceb66f1651259f542e9e74266771ab475acfff3891a4158b9ee0,"WETH_deposit:eth_in
WETH_deposit:weth_out
PancakeSwap:token_out
PancakeSwap:token_in
UniswapSwap:token_out
UniswapSwap:token_in
LLAMMA:token_in
LLAMMA:token_out
CurveSwap:token_in
CurveSwap:token_out","

PancakeV3Pool-WETH-USDC
PancakeV3Pool-WETH-USDC
UniswapV3Pool-WBTC-WETH:fee_500
UniswapV3Pool-WBTC-WETH:fee_500
LLAMMA-WBTC-crvUSD
LLAMMA-WBTC-crvUSD
CurveStableSwap-crvUSD-USDT
CurveStableSwap-crvUSD-USDT","eth
weth
usdc
weth
wbtc
weth
wbtc
crvusd
crvusd
usdt","WETH_deposit:1
WETH_deposit:1
PancakeSwap:1
PancakeSwap:1
UniswapSwap:1
UniswapSwap:1
LLAMMA:1
LLAMMA:1
CurveSwap:1
CurveSwap:1","








","WETH_deposit:eth_in
WETH_deposit:weth_out
PancakeSwap:token_out
PancakeSwap:token_in
UniswapSwap:token_out
UniswapSwap:token_in
LLAMMA:token_in
LLAMMA:token_out
CurveSwap:token_in
CurveSwap:token_out
eth
weth
usdc
weth
wbtc
weth
wbtc
crvusd
crvusd
usdt"
112,1,0x2dd97a4f895eaf3a9096998a90cd05ad53c0a527321f498fc4599390821201c0,"WETH_deposit:eth_in
WETH_deposit:weth_out
UniswapSwap:token_out
UniswapSwap:token_in
WETH_deposit:eth_in
WETH_deposit:weth_out
CurveSwap:token_in
CurveSwap:token_out
LLAMMA:token_in
LLAMMA:token_out","

UniswapV3Pool-WBTC-WETH:fee_500
UniswapV3Pool-WBTC-WETH:fee_500


CurveStableSwap-crvUSD-USDT
CurveStableSwap-crvUSD-USDT
LLAMMA-WBTC-crvUSD
LLAMMA-WBTC-crvUSD","eth
weth
wbtc
weth
eth
weth
usdt
crvusd
crvusd
wbtc","WETH_deposit:1
WETH_deposit:1
UniswapSwap:1
UniswapSwap:1
WETH_deposit:2
WETH_deposit:2
CurveSwap:1
CurveSwap:1
LLAMMA:1
LLAMMA:1","








","WETH_deposit:eth_in
WETH_deposit:weth_out
UniswapSwap:token_out
UniswapSwap:token_in
WETH_deposit:eth_in
WETH_deposit:weth_out
CurveSwap:token_in
CurveSwap:token_out
LLAMMA:token_in
LLAMMA:token_out
eth
weth
wbtc
weth
eth
weth
usdt
crvusd
crvusd
wbtc"
